2 0.000000 100.000000 5791.461216
1140 979 
1 -50.000000 0.000000 -50.666667 96.351219 0.000000 -26.818248 -0.000278 
2 60.000000 0.000000 -50.666667 96.390892 0.000000 -26.651522 -0.000151 
3 60.000000 0.000000 52.000000 96.335711 0.000000 -26.768982 0.000285 
4 -50.000000 0.000000 52.000000 96.328327 0.000000 -26.819494 0.000157 
5 5.000000 0.000000 0.666667 98.565058 0.000000 -3.111916 0.027525 
6 -50.000000 0.000000 0.666667 96.339980 0.000000 -26.831109 -0.000130 
7 5.000000 0.000000 -50.666667 96.387550 0.000000 -26.766482 -0.000700 
8 60.000000 0.000000 0.666667 96.561826 0.000000 -25.972277 0.000125 
9 5.000000 0.000000 52.000000 96.311053 0.000000 -26.788023 0.000658 
10 -22.500000 0.000000 -25.000000 96.391900 0.000000 -26.823404 -0.001089 
11 -50.000000 0.000000 -25.000000 96.350930 0.000000 -26.825480 -0.000311 
12 -22.500000 0.000000 -50.666667 96.367949 0.000000 -26.807262 -0.000541 
13 5.000000 0.000000 -25.000000 96.557398 0.000000 -26.610778 -0.003146 
14 -22.500000 0.000000 0.666667 96.339155 0.000000 -26.909932 -0.000538 
15 32.500000 0.000000 -25.000000 96.540681 0.000000 -26.192448 -0.000615 
16 32.500000 0.000000 -50.666667 96.387855 0.000000 -26.709653 -0.000402 
17 60.000000 0.000000 -25.000000 96.786479 0.000000 -25.214818 -0.000341 
18 32.500000 0.000000 0.666667 97.029693 0.000000 -24.116116 0.000365 
19 -22.500000 0.000000 26.333333 96.301797 0.000000 -26.824345 0.000642 
20 -50.000000 0.000000 26.333333 96.329360 0.000000 -26.825771 0.000103 
21 5.000000 0.000000 26.333333 96.200800 0.000000 -26.695378 0.003276 
22 -22.500000 0.000000 52.000000 96.318103 0.000000 -26.812180 0.000393 
23 -8.750000 0.000000 -12.166667 96.606453 0.000000 -26.899860 -0.005641 
24 -22.500000 0.000000 -12.166667 96.402236 0.000000 -26.880912 -0.001597 
25 -8.750000 0.000000 -25.000000 96.491534 0.000000 -26.793246 -0.002849 
26 5.000000 0.000000 -12.166667 97.171109 0.000000 -26.016690 -0.011909 
27 -8.750000 0.000000 0.666667 96.262988 0.000000 -27.047288 0.000188 
28 32.500000 0.000000 26.333333 96.329606 0.000000 -26.629684 0.001147 
29 60.000000 0.000000 26.333333 96.356179 0.000000 -26.683620 0.000347 
30 32.500000 0.000000 52.000000 96.323284 0.000000 -26.767930 0.000530 
31 18.750000 0.000000 -12.166667 97.066104 0.000000 -24.677523 -0.003081 
32 18.750000 0.000000 -25.000000 96.559946 0.000000 -26.380831 -0.001977 
33 32.500000 0.000000 -12.166667 97.499862 0.000000 -22.677037 -0.002047 
34 18.750000 0.000000 0.666667 97.853660 0.000000 -20.436503 0.000701 
35 -8.750000 0.000000 13.500000 96.134964 0.000000 -26.862445 0.003648 
36 -22.500000 0.000000 13.500000 96.286672 0.000000 -26.873703 0.000668 
37 5.000000 0.000000 13.500000 96.022594 0.000000 -26.339298 0.008590 
38 -8.750000 0.000000 26.333333 96.233118 0.000000 -26.803666 0.002075 
39 -1.875000 0.000000 -5.750000 97.391561 0.000000 -27.195646 -0.022472 
40 -8.750000 0.000000 -5.750000 96.519955 0.000000 -27.003271 -0.004528 
41 -1.875000 0.000000 -12.166667 96.855528 0.000000 -26.681922 -0.009292 
42 5.000000 0.000000 -5.750000 98.524822 0.000000 -24.074152 -0.028671 
43 -1.875000 0.000000 0.666667 94.606779 0.000000 -27.782997 0.027766 
44 18.750000 0.000000 13.500000 96.280304 0.000000 -26.095690 0.004912 
45 32.500000 0.000000 13.500000 96.392953 0.000000 -26.282611 0.001762 
46 18.750000 0.000000 26.333333 96.258750 0.000000 -26.611030 0.002611 
47 11.875000 0.000000 -5.750000 97.958730 0.000000 -21.551325 -0.006037 
48 11.875000 0.000000 -12.166667 97.021888 0.000000 -25.318474 -0.005427 
49 18.750000 0.000000 -5.750000 98.449877 0.000000 -19.251285 -0.006299 
50 11.875000 0.000000 0.666667 98.193149 0.000000 -14.314349 0.015320 
51 -1.875000 0.000000 7.083333 95.659591 0.000000 -26.615170 0.014088 
52 -8.750000 0.000000 7.083333 96.130495 0.000000 -26.936770 0.003334 
53 5.000000 0.000000 7.083333 95.265700 0.000000 -25.195776 0.028962 
54 -1.875000 0.000000 13.500000 95.943717 0.000000 -26.713246 0.008121 
55 1.562500 0.000000 -2.541667 100.941436 0.000000 -26.983618 -0.091729 
56 -1.875000 0.000000 -2.541667 96.960960 0.000000 -28.127309 -0.019257 
57 1.562500 0.000000 -5.750000 98.444196 0.000000 -26.187701 -0.037706 
58 5.000000 0.000000 -2.541667 100.278004 0.000000 -18.442509 -0.039580 
59 1.562500 0.000000 0.666667 89.909504 0.000000 5.410846 0.188700 
60 -36.250000 0.000000 -12.166667 96.356423 0.000000 -26.837152 -0.000479 
61 -50.000000 0.000000 -12.166667 96.346728 0.000000 -26.829455 -0.000251 
62 -36.250000 0.000000 -25.000000 96.363012 0.000000 -26.827226 -0.000553 
63 -36.250000 0.000000 0.666667 96.341144 0.000000 -26.841753 -0.000210 
64 -15.625000 0.000000 -5.750000 96.410551 0.000000 -26.926412 -0.002003 
65 -22.500000 0.000000 -5.750000 96.377040 0.000000 -26.903144 -0.001231 
66 -15.625000 0.000000 -12.166667 96.448563 0.000000 -26.879418 -0.002483 
67 -15.625000 0.000000 0.666667 96.332721 0.000000 -26.941636 -0.000584 
68 -5.312500 0.000000 -2.541667 96.508943 0.000000 -27.324401 -0.006060 
69 -8.750000 0.000000 -2.541667 96.403204 0.000000 -27.056039 -0.002561 
70 -5.312500 0.000000 -5.750000 96.744410 0.000000 -27.131416 -0.009559 
71 -5.312500 0.000000 0.666667 96.075388 0.000000 -27.314449 0.002344 
72 11.875000 0.000000 7.083333 96.122860 0.000000 -24.599581 0.015526 
73 18.750000 0.000000 7.083333 96.474264 0.000000 -25.007581 0.006734 
74 11.875000 0.000000 13.500000 96.011762 0.000000 -26.046212 0.010334 
75 1.562500 0.000000 3.875000 94.097226 0.000000 -25.154986 0.051294 
76 -1.875000 0.000000 3.875000 95.092677 0.000000 -26.920230 0.023268 
77 5.000000 0.000000 3.875000 94.700662 0.000000 -22.749828 0.051423 
78 1.562500 0.000000 7.083333 95.310871 0.000000 -26.031952 0.023818 
79 -0.156250 0.000000 -0.937500 96.223826 0.000000 -32.781397 -0.033364 
80 -1.875000 0.000000 -0.937500 95.757355 0.000000 -28.512634 0.001756 
81 -0.156250 0.000000 -2.541667 98.301955 0.000000 -28.572932 -0.047969 
82 1.562500 0.000000 -0.937500 107.019052 0.000000 -25.295724 -0.209295 
83 -0.156250 0.000000 0.666667 87.049712 0.000000 -23.659404 0.186258 
84 8.437500 0.000000 -2.541667 99.059865 0.000000 -15.973196 -0.006800 
85 8.437500 0.000000 -5.750000 98.089418 0.000000 -22.489035 -0.012729 
86 11.875000 0.000000 -2.541667 98.692223 0.000000 -15.597533 0.001656 
87 8.437500 0.000000 0.666667 98.358508 0.000000 -15.650172 0.008068 
88 3.281250 0.000000 -0.937500 112.567651 0.000000 -3.328574 -0.268256 
89 3.281250 0.000000 -2.541667 102.467336 0.000000 -22.190437 -0.099197 
90 5.000000 0.000000 -0.937500 98.722641 0.000000 -2.565841 0.024726 
91 3.281250 0.000000 0.666667 91.459094 0.000000 -0.963220 0.163431 
92 -36.250000 0.000000 13.500000 96.326825 0.000000 -26.836434 0.000095 
93 -50.000000 0.000000 13.500000 96.333395 0.000000 -26.829418 0.000006 
94 -36.250000 0.000000 26.333333 96.321079 0.000000 -26.827517 0.000253 
95 -15.625000 0.000000 7.083333 96.270085 0.000000 -26.908311 0.000801 
96 -22.500000 0.000000 7.083333 96.305017 0.000000 -26.896802 0.000191 
97 -15.625000 0.000000 13.500000 96.251855 0.000000 -26.865291 0.001384 
98 -5.312500 0.000000 3.875000 95.933313 0.000000 -27.001713 0.006771 
99 -8.750000 0.000000 3.875000 96.171047 0.000000 -26.989015 0.002272 
100 -5.312500 0.000000 7.083333 95.919608 0.000000 -26.915490 0.007499 
101 -0.156250 0.000000 2.270833 93.388665 0.000000 -25.903710 0.060756 
102 -1.875000 0.000000 2.270833 94.706378 0.000000 -27.187142 0.029156 
103 1.562500 0.000000 2.270833 92.211214 0.000000 -23.657268 0.093743 
104 -0.156250 0.000000 3.875000 94.529917 0.000000 -26.256045 0.037471 
105 0.703125 0.000000 -0.135417 -0.753355 0.000000 -0.181051 0.999940 
106 -0.156250 0.000000 -0.135417 82.171604 0.000000 -37.940005 0.180838 
107 0.703125 0.000000 -0.937500 102.327775 0.000000 -32.928630 -0.155527 
108 1.562500 0.000000 -0.135417 0.467043 0.000000 -0.020894 0.999978 
109 0.703125 0.000000 0.666667 86.139992 0.000000 -5.914032 0.254493 
110 -3.593750 0.000000 -0.937500 96.167765 0.000000 -27.778721 -0.001990 
111 -5.312500 0.000000 -0.937500 96.297156 0.000000 -27.444955 -0.002637 
112 -3.593750 0.000000 -2.541667 96.612263 0.000000 -27.639480 -0.009787 
113 -3.593750 0.000000 0.666667 95.737712 0.000000 -27.606428 0.007218 
114 -1.015625 0.000000 -0.135417 92.965563 0.000000 -29.360394 0.049537 
115 -1.875000 0.000000 -0.135417 94.998752 0.000000 -28.289681 0.017493 
116 -1.015625 0.000000 -0.937500 95.118496 0.000000 -29.680789 0.007152 
117 -1.015625 0.000000 0.666667 92.457339 0.000000 -27.660559 0.068653 
118 8.437500 0.000000 3.875000 95.753212 0.000000 -22.080601 0.034377 
119 11.875000 0.000000 3.875000 96.417375 0.000000 -22.240122 0.020907 
120 8.437500 0.000000 7.083333 95.589838 0.000000 -24.590955 0.025787 
121 3.281250 0.000000 2.270833 92.136932 0.000000 -20.723533 0.108132 
122 5.000000 0.000000 2.270833 93.900868 0.000000 -19.483336 0.080303 
123 3.281250 0.000000 3.875000 93.868285 0.000000 -23.844666 0.062018 
124 0.703125 0.000000 1.468750 91.474546 0.000000 -22.371520 0.113192 
125 -0.156250 0.000000 1.468750 91.401801 0.000000 -25.257017 0.100779 
126 1.562500 0.000000 1.468750 91.528913 0.000000 -20.549675 0.120017 
127 0.703125 0.000000 2.270833 92.566403 0.000000 -24.767827 0.081802 
128 0.273438 0.000000 0.265625 55.325124 0.000000 25.581245 0.628473 
129 -0.156250 0.000000 0.265625 79.031410 0.000000 -25.278267 0.311505 
130 0.273438 0.000000 -0.135417 93.406848 0.000000 -62.368510 -0.261467 
131 0.703125 0.000000 0.265625 78.399534 0.000000 20.933073 0.341532 
132 0.273438 0.000000 0.666667 84.125932 0.000000 -15.050789 0.269630 
133 -3.593750 0.000000 2.270833 95.546113 0.000000 -27.346146 0.012313 
134 -5.312500 0.000000 2.270833 95.954719 0.000000 -27.188682 0.005347 
135 -3.593750 0.000000 3.875000 95.633485 0.000000 -26.995392 0.012549 
136 -1.015625 0.000000 1.468750 93.482674 0.000000 -26.750063 0.054542 
137 -1.875000 0.000000 1.468750 94.610396 0.000000 -27.389664 0.029868 
138 -1.015625 0.000000 2.270833 94.213939 0.000000 -26.574330 0.041754 
139 -0.585938 0.000000 0.265625 89.682058 0.000000 -28.558936 0.114152 
140 -1.015625 0.000000 0.265625 92.368279 0.000000 -28.501426 0.065577 
141 -0.585938 0.000000 -0.135417 90.796444 0.000000 -30.842847 0.080472 
142 -0.585938 0.000000 0.666667 90.680495 0.000000 -26.901919 0.105333 
143 -8.750000 0.000000 -37.833333 96.405314 0.000000 -26.783515 -0.001134 
144 -22.500000 0.000000 -37.833333 96.379501 0.000000 -26.810530 -0.000781 
145 -8.750000 0.000000 -50.666667 96.379249 0.000000 -26.791403 -0.000674 
146 5.000000 0.000000 -37.833333 96.426758 0.000000 -26.728122 -0.001251 
147 -1.875000 0.000000 -18.583333 96.692997 0.000000 -26.702266 -0.006255 
148 -8.750000 0.000000 -18.583333 96.527141 0.000000 -26.803358 -0.003591 
149 -1.875000 0.000000 -25.000000 96.524619 0.000000 -26.715777 -0.003073 
150 5.000000 0.000000 -18.583333 96.782479 0.000000 -26.450385 -0.006647 
151 1.562500 0.000000 -8.958333 97.597314 0.000000 -26.302115 -0.021704 
152 -1.875000 0.000000 -8.958333 97.056240 0.000000 -26.741728 -0.013503 
153 1.562500 0.000000 -12.166667 97.071302 0.000000 -26.414712 -0.012057 
154 5.000000 0.000000 -8.958333 97.765018 0.000000 -25.428366 -0.020460 
155 -0.156250 0.000000 -4.145833 98.176006 0.000000 -27.316414 -0.038471 
156 -1.875000 0.000000 -4.145833 97.345958 0.000000 -27.543317 -0.023487 
157 -0.156250 0.000000 -5.750000 97.953618 0.000000 -26.870878 -0.031696 
158 1.562500 0.000000 -4.145833 99.399261 0.000000 -26.332927 -0.057364 
159 0.703125 0.000000 -1.739583 100.238723 0.000000 -29.719803 -0.093107 
160 -0.156250 0.000000 -1.739583 97.529272 0.000000 -29.825143 -0.040150 
161 0.703125 0.000000 -2.541667 99.425356 0.000000 -28.154604 -0.067808 
162 1.562500 0.000000 -1.739583 102.931037 0.000000 -27.712311 -0.136277 
163 0.273438 0.000000 -0.536458 98.016631 0.000000 -40.945196 -0.128377 
164 -0.156250 0.000000 -0.536458 92.926261 0.000000 -35.801855 0.008294 
165 0.273438 0.000000 -0.937500 98.693928 0.000000 -34.111083 -0.090406 
166 0.703125 0.000000 -0.536458 111.878151 0.000000 -33.045178 -0.360870 
167 0.058594 0.000000 0.065104 34.257132 0.000000 -16.677818 0.854830 
168 -0.156250 0.000000 0.065104 75.685910 0.000000 -31.788410 0.326114 
169 0.058594 0.000000 -0.135417 71.673673 0.000000 -69.338009 0.005513 
170 0.273438 0.000000 0.065104 0.291890 0.000000 -0.203397 0.999987 
171 0.058594 0.000000 0.265625 65.811233 0.000000 -12.092853 0.552264 
172 2.421875 0.000000 -0.135417 5.467784 0.000000 0.784495 0.996949 
173 2.421875 0.000000 -0.937500 110.455998 0.000000 -17.555104 -0.250871 
174 3.281250 0.000000 -0.135417 13.656418 0.000000 1.271675 0.981189 
175 2.421875 0.000000 0.666667 88.947516 0.000000 0.359542 0.208821 
176 1.132812 0.000000 0.265625 -0.301013 0.000000 -0.351465 0.999979 
177 1.132812 0.000000 -0.135417 -0.154727 0.000000 -0.110285 0.999996 
178 1.562500 0.000000 0.265625 0.586921 0.000000 -0.135623 0.999964 
179 1.132812 0.000000 0.666667 88.709814 0.000000 10.456301 0.202123 
180 0.488281 0.000000 0.065104 -0.784395 0.000000 -0.305311 0.999929 
181 0.488281 0.000000 -0.135417 -1.014861 0.000000 -0.315973 0.999887 
182 0.703125 0.000000 0.065104 -0.723205 0.000000 -0.318958 0.999938 
183 0.488281 0.000000 0.265625 68.142621 0.000000 24.002749 0.478045 
184 0.273438 0.000000 1.067708 89.687212 0.000000 -21.450770 0.149607 
185 -0.156250 0.000000 1.067708 90.571216 0.000000 -24.494514 0.119687 
186 0.703125 0.000000 1.067708 90.001471 0.000000 -18.437833 0.155978 
187 0.273438 0.000000 1.468750 91.649843 0.000000 -23.763993 0.103558 
188 0.058594 0.000000 0.466146 79.263598 0.000000 -17.047267 0.342667 
189 -0.156250 0.000000 0.466146 83.777064 0.000000 -23.632111 0.242293 
190 0.273438 0.000000 0.466146 76.731848 0.000000 -6.336419 0.407207 
191 0.058594 0.000000 0.666667 85.107529 0.000000 -19.975506 0.235769 
192 0.166016 0.000000 0.165365 40.765058 0.000000 22.045350 0.785221 
193 0.058594 0.000000 0.165365 32.204162 0.000000 16.585486 0.868781 
194 0.166016 0.000000 0.065104 38.064451 0.000000 10.448596 0.844192 
195 0.273438 0.000000 0.165365 52.449929 0.000000 22.183709 0.675689 
196 0.166016 0.000000 0.265625 49.776768 0.000000 24.868129 0.690385 
197 1.132812 0.000000 -0.536458 112.619298 0.000000 -21.928895 -0.316398 
198 1.132812 0.000000 -0.937500 105.179099 0.000000 -29.373225 -0.192543 
199 1.562500 0.000000 -0.536458 112.374979 0.000000 -15.715820 -0.287512 
200 0.488281 0.000000 -0.335938 107.928156 0.000000 -44.777768 -0.365354 
201 0.273438 0.000000 -0.335938 100.349303 0.000000 -55.758462 -0.317899 
202 0.488281 0.000000 -0.536458 103.327941 0.000000 -39.651816 -0.224893 
203 0.703125 0.000000 -0.335938 111.499124 0.000000 -34.885026 -0.364902 
204 -1.015625 0.000000 -1.739583 96.803326 0.000000 -29.202809 -0.022369 
205 -1.875000 0.000000 -1.739583 96.483893 0.000000 -28.421092 -0.011690 
206 -1.015625 0.000000 -2.541667 97.330563 0.000000 -28.337530 -0.027625 
207 -0.585938 0.000000 -0.536458 93.488552 0.000000 -31.510763 0.026696 
208 -1.015625 0.000000 -0.536458 94.070036 0.000000 -29.795034 0.026308 
209 -0.585938 0.000000 -0.937500 94.969948 0.000000 -30.848095 0.002910 
210 0.058594 0.000000 -0.335938 89.574998 0.000000 -44.688463 -0.002074 
211 -0.156250 0.000000 -0.335938 89.043484 0.000000 -37.616481 0.065626 
212 0.058594 0.000000 -0.536458 94.277714 0.000000 -38.894183 -0.040104 
213 0.380859 0.000000 -0.235677 104.305669 0.000000 -50.914519 -0.347196 
214 0.273438 0.000000 -0.235677 97.861037 0.000000 -58.116225 -0.295428 
215 0.380859 0.000000 -0.335938 104.761658 0.000000 -50.145880 -0.348961 
216 0.488281 0.000000 -0.235677 106.541435 0.000000 -47.395534 -0.359741 
217 0.380859 0.000000 -0.135417 -0.738188 0.000000 -0.354692 0.999933 
218 0.488281 0.000000 0.466146 70.918275 0.000000 24.275041 0.438132 
219 0.703125 0.000000 0.466146 80.362419 0.000000 18.575649 0.319683 
220 0.488281 0.000000 0.666667 84.616322 0.000000 -9.954426 0.274099 
221 2.421875 0.000000 1.468750 90.731819 0.000000 -18.828292 0.141323 
222 3.281250 0.000000 1.468750 90.647497 0.000000 -16.559266 0.150882 
223 2.421875 0.000000 2.270833 91.888098 0.000000 -22.217002 0.106298 
224 1.132812 0.000000 1.067708 90.682062 0.000000 -16.521834 0.150379 
225 1.562500 0.000000 1.067708 90.855289 0.000000 -15.623519 0.150122 
226 1.132812 0.000000 1.468750 91.543314 0.000000 -21.291364 0.116650 
227 0.917969 0.000000 0.466146 85.210390 0.000000 14.018729 0.254266 
228 0.917969 0.000000 0.265625 -0.621682 0.000000 -0.243288 0.999955 
229 1.132812 0.000000 0.466146 87.998669 0.000000 10.533660 0.214528 
230 0.917969 0.000000 0.666667 86.792997 0.000000 13.670529 0.228009 
231 0.917969 0.000000 -0.335938 112.644709 0.000000 -27.106816 -0.342361 
232 0.917969 0.000000 -0.536458 112.591037 0.000000 -26.938110 -0.340240 
233 1.132812 0.000000 -0.335938 112.753254 0.000000 -21.964482 -0.319573 
234 0.917969 0.000000 -0.135417 -0.467096 0.000000 -0.129297 0.999977 
235 3.281250 0.000000 -4.145833 100.073582 0.000000 -24.324385 -0.060640 
236 3.281250 0.000000 -5.750000 98.660790 0.000000 -25.054248 -0.036167 
237 5.000000 0.000000 -4.145833 99.732926 0.000000 -22.161996 -0.043781 
238 2.421875 0.000000 -1.739583 104.650479 0.000000 -23.795651 -0.151796 
239 2.421875 0.000000 -2.541667 102.252773 0.000000 -24.842483 -0.107278 
240 3.281250 0.000000 -1.739583 105.042462 0.000000 -19.159693 -0.140101 
241 1.132812 0.000000 -1.338542 102.743670 0.000000 -29.606100 -0.143278 
242 0.703125 0.000000 -1.338542 100.814860 0.000000 -31.012929 -0.112544 
243 1.132812 0.000000 -1.739583 101.633468 0.000000 -28.930073 -0.116631 
244 1.562500 0.000000 -1.338542 104.444944 0.000000 -27.652800 -0.167342 
245 0.917969 0.000000 -0.736979 106.196104 0.000000 -30.986918 -0.223780 
246 0.703125 0.000000 -0.736979 104.082397 0.000000 -34.096851 -0.199574 
247 0.917969 0.000000 -0.937500 103.914417 0.000000 -31.322816 -0.177932 
248 1.132812 0.000000 -0.736979 107.591125 0.000000 -27.394839 -0.232633 
249 0.810547 0.000000 -0.436198 112.266597 0.000000 -30.500392 -0.353406 
250 0.703125 0.000000 -0.436198 111.581133 0.000000 -34.387515 -0.363285 
251 0.810547 0.000000 -0.536458 112.179936 0.000000 -30.812750 -0.353376 
252 0.917969 0.000000 -0.436198 112.458652 0.000000 -27.952965 -0.342832 
253 0.810547 0.000000 -0.335938 111.897324 0.000000 -32.663524 -0.358792 
254 1.992188 0.000000 0.265625 2.269825 0.000000 0.699575 0.999436 
255 1.992188 0.000000 -0.135417 1.718908 0.000000 0.233740 0.999699 
256 2.421875 0.000000 0.265625 5.763279 0.000000 1.256338 0.996521 
257 1.992188 0.000000 0.666667 89.449779 0.000000 2.307360 0.199341 
258 1.992188 0.000000 1.067708 90.492990 0.000000 -15.022386 0.158535 
259 2.421875 0.000000 1.067708 89.754813 0.000000 -14.040834 0.174693 
260 1.992188 0.000000 1.468750 91.069299 0.000000 -19.694789 0.131850 
261 1.777344 0.000000 0.466146 89.821192 0.000000 3.630631 0.191897 
262 1.562500 0.000000 0.466146 89.995586 0.000000 4.951610 0.187628 
263 1.777344 0.000000 0.265625 1.249203 0.000000 0.205748 0.999840 
264 1.992188 0.000000 0.466146 89.429789 0.000000 1.919027 0.199863 
265 1.777344 0.000000 0.666667 89.805197 0.000000 3.781141 0.192073 
266 1.992188 0.000000 -0.536458 113.286940 0.000000 -10.919436 -0.295316 
267 1.992188 0.000000 -0.937500 108.686491 0.000000 -21.498870 -0.227495 
268 2.421875 0.000000 -0.536458 114.657309 0.000000 -8.763849 -0.322310 
269 1.992188 0.000000 -1.338542 105.985947 0.000000 -25.226457 -0.186940 
270 1.992188 0.000000 -1.739583 104.174915 0.000000 -26.088253 -0.153301 
271 2.421875 0.000000 -1.338542 107.333580 0.000000 -22.392088 -0.202190 
272 1.777344 0.000000 -0.736979 112.766330 0.000000 -11.861228 -0.285693 
273 1.562500 0.000000 -0.736979 112.513172 0.000000 -14.419563 -0.286714 
274 1.777344 0.000000 -0.937500 107.818119 0.000000 -23.416627 -0.217309 
275 1.992188 0.000000 -0.736979 113.336390 0.000000 -10.885194 -0.296362 
276 1.777344 0.000000 -0.536458 112.611500 0.000000 -13.264631 -0.285730 
277 6.718750 0.000000 -0.937500 98.071805 0.000000 -7.477916 0.032600 
278 6.718750 0.000000 -2.541667 99.156196 0.000000 -17.272407 -0.013029 
279 8.437500 0.000000 -0.937500 98.779680 0.000000 -5.838023 0.020849 
280 6.718750 0.000000 0.666667 99.214152 0.000000 -13.772182 -0.003312 
281 4.140625 0.000000 -0.135417 18.817608 0.000000 -1.483884 0.964370 
282 4.140625 0.000000 -0.937500 103.727340 0.000000 -1.261535 -0.076095 
283 5.000000 0.000000 -0.135417 12.015837 0.000000 -3.271232 0.984492 
284 4.140625 0.000000 0.666667 95.664548 0.000000 -1.576081 0.084581 
285 2.851562 0.000000 0.265625 9.616207 0.000000 1.566186 0.990508 
286 2.851562 0.000000 -0.135417 9.565158 0.000000 1.341075 0.990671 
287 3.281250 0.000000 0.265625 12.462739 0.000000 1.585198 0.984217 
288 2.851562 0.000000 0.666667 89.559686 0.000000 0.116838 0.197905 
289 2.207031 0.000000 0.466146 88.948812 0.000000 0.163517 0.208808 
290 2.207031 0.000000 0.265625 3.890384 0.000000 0.980799 0.998390 
291 2.421875 0.000000 0.466146 88.943347 0.000000 0.599994 0.208872 
292 2.207031 0.000000 0.666667 89.104397 0.000000 1.713560 0.205747 
293 2.851562 0.000000 -0.536458 114.719082 0.000000 -5.844107 -0.319462 
294 2.851562 0.000000 -0.937500 114.411456 0.000000 -4.803753 -0.311306 
295 3.281250 0.000000 -0.536458 111.549675 0.000000 -3.431465 -0.245510 
296 2.207031 0.000000 -0.736979 114.076957 0.000000 -10.058723 -0.311473 
297 2.207031 0.000000 -0.937500 109.526951 0.000000 -19.650709 -0.238230 
298 2.421875 0.000000 -0.736979 114.754245 0.000000 -8.021435 -0.323288 
299 2.207031 0.000000 -0.536458 113.821316 0.000000 -9.950158 -0.305430 
300 6.718750 0.000000 2.270833 94.299574 0.000000 -19.728454 0.071838 
301 8.437500 0.000000 2.270833 96.537283 0.000000 -18.378338 0.034279 
302 6.718750 0.000000 3.875000 95.543583 0.000000 -22.530350 0.036381 
303 4.140625 0.000000 1.468750 92.507109 0.000000 -15.089251 0.121475 
304 5.000000 0.000000 1.468750 95.822566 0.000000 -15.249071 0.058550 
305 4.140625 0.000000 2.270833 92.880854 0.000000 -19.583581 0.098963 
306 3.710938 0.000000 0.265625 15.176462 0.000000 0.317556 0.976957 
307 3.710938 0.000000 -0.135417 17.741320 0.000000 0.063783 0.968524 
308 4.140625 0.000000 0.265625 14.912855 0.000000 -1.096871 0.977640 
309 3.710938 0.000000 0.666667 93.598414 0.000000 -1.326033 0.123758 
310 4.140625 0.000000 -1.739583 102.472568 0.000000 -15.831016 -0.075125 
311 4.140625 0.000000 -2.541667 101.622935 0.000000 -19.831104 -0.072049 
312 5.000000 0.000000 -1.739583 100.053579 0.000000 -14.890670 -0.023245 
313 3.710938 0.000000 -0.536458 107.863097 0.000000 -2.307029 -0.163977 
314 3.710938 0.000000 -0.937500 107.730279 0.000000 -1.877385 -0.160934 
315 4.140625 0.000000 -0.536458 103.813269 0.000000 -1.769762 -0.078033 
316 5.859375 0.000000 -0.135417 0.975728 0.000000 1.992484 0.999508 
317 5.859375 0.000000 -0.937500 95.645631 0.000000 -6.190154 0.081360 
318 6.718750 0.000000 -0.135417 2.178965 0.000000 0.074189 0.999525 
319 5.859375 0.000000 0.666667 103.359498 0.000000 -11.053060 -0.080536 
320 4.570312 0.000000 0.265625 12.187301 0.000000 -1.533573 0.984912 
321 4.570312 0.000000 -0.135417 18.467557 0.000000 -3.062215 0.964957 
322 5.000000 0.000000 0.265625 1.813335 0.000000 1.973106 0.999282 
323 4.570312 0.000000 0.666667 97.908276 0.000000 -1.815356 0.041067 
324 5.859375 0.000000 1.468750 96.572499 0.000000 -18.046304 0.034808 
325 6.718750 0.000000 1.468750 94.938770 0.000000 -18.873244 0.063043 
326 5.859375 0.000000 2.270833 94.778586 0.000000 -19.786252 0.062552 
327 4.570312 0.000000 1.067708 94.852561 0.000000 -10.216027 0.089862 
328 4.140625 0.000000 1.067708 93.060680 0.000000 -10.673985 0.122578 
329 5.000000 0.000000 1.067708 98.288230 0.000000 -9.523285 0.024873 
330 4.570312 0.000000 1.468750 94.255573 0.000000 -14.963668 0.089198 
331 4.355469 0.000000 0.466146 96.608464 0.000000 -3.449307 0.065491 
332 4.140625 0.000000 0.466146 95.665325 0.000000 -1.752051 0.084508 
333 4.355469 0.000000 0.265625 96.644621 0.000000 -1.086657 0.065864 
334 4.570312 0.000000 0.466146 97.904304 0.000000 -1.984772 0.041081 
335 4.355469 0.000000 0.666667 96.659481 0.000000 -1.164666 0.065559 
336 4.570312 0.000000 -0.536458 100.185601 0.000000 -1.870243 -0.004065 
337 4.570312 0.000000 -0.937500 99.773544 0.000000 -2.023601 0.004114 
338 5.000000 0.000000 -0.536458 95.292446 0.000000 -1.065194 0.091822 
339 18.750000 0.000000 -37.833333 96.429218 0.000000 -26.659972 -0.000935 
340 18.750000 0.000000 -50.666667 96.389490 0.000000 -26.737439 -0.000582 
341 32.500000 0.000000 -37.833333 96.425512 0.000000 -26.596622 -0.000526 
342 11.875000 0.000000 -18.583333 96.714545 0.000000 -26.194194 -0.003984 
343 11.875000 0.000000 -25.000000 96.558638 0.000000 -26.493958 -0.002550 
344 18.750000 0.000000 -18.583333 96.682401 0.000000 -25.975032 -0.002219 
345 8.437500 0.000000 -8.958333 97.540850 0.000000 -24.674159 -0.012303 
346 8.437500 0.000000 -12.166667 97.152460 0.000000 -25.601530 -0.009404 
347 11.875000 0.000000 -8.958333 97.375267 0.000000 -24.150452 -0.006519 
348 6.718750 0.000000 -4.145833 99.215533 0.000000 -20.993687 -0.028446 
349 6.718750 0.000000 -5.750000 98.339315 0.000000 -23.138406 -0.020601 
350 8.437500 0.000000 -4.145833 98.702883 0.000000 -20.176181 -0.014934 
351 5.859375 0.000000 -1.739583 99.137394 0.000000 -14.558203 -0.004016 
352 5.859375 0.000000 -2.541667 99.495838 0.000000 -17.768407 -0.021514 
353 6.718750 0.000000 -1.739583 99.494218 0.000000 -14.405004 -0.010660 
354 4.570312 0.000000 -1.338542 100.389995 0.000000 -11.947826 -0.022090 
355 4.140625 0.000000 -1.338542 102.913149 0.000000 -12.486200 -0.074702 
356 4.570312 0.000000 -1.739583 101.335492 0.000000 -15.202696 -0.050000 
357 5.000000 0.000000 -1.338542 98.431637 0.000000 -12.060413 0.016576 
358 4.355469 0.000000 -0.736979 101.382223 0.000000 -1.450663 -0.028046 
359 4.140625 0.000000 -0.736979 103.809288 0.000000 -1.728569 -0.077936 
360 4.355469 0.000000 -0.937500 101.821820 0.000000 -1.867590 -0.037117 
361 4.570312 0.000000 -0.736979 100.168665 0.000000 -1.805213 -0.003702 
362 4.355469 0.000000 -0.536458 101.924629 0.000000 -2.905735 -0.039707 
363 5.429688 0.000000 0.265625 -5.571847 0.000000 0.231354 0.996890 
364 5.429688 0.000000 -0.135417 2.490121 0.000000 1.359796 0.999195 
365 5.859375 0.000000 0.265625 -3.529111 0.000000 0.455705 0.998734 
366 5.429688 0.000000 0.666667 103.520018 0.000000 -8.248029 -0.078442 
367 5.429688 0.000000 1.067708 99.983410 0.000000 -14.163575 -0.019729 
368 5.859375 0.000000 1.067708 98.742483 0.000000 -16.775087 -0.003148 
369 5.429688 0.000000 1.468750 96.771583 0.000000 -16.743747 0.035491 
370 5.214844 0.000000 0.466146 102.318889 0.000000 -6.394157 -0.051004 
371 5.000000 0.000000 0.466146 98.842850 0.000000 -2.404774 0.022431 
372 5.214844 0.000000 0.265625 -4.326389 0.000000 0.835057 0.998059 
373 5.429688 0.000000 0.466146 103.546854 0.000000 -7.897984 -0.078433 
374 5.214844 0.000000 0.666667 100.934654 0.000000 -5.406716 -0.021704 
375 5.429688 0.000000 -0.536458 90.707333 0.000000 1.849776 0.176876 
376 5.429688 0.000000 -0.937500 94.179547 0.000000 -6.432053 0.108884 
377 5.859375 0.000000 -0.536458 93.523877 0.000000 4.064756 0.123676 
378 5.429688 0.000000 -1.338542 97.889328 0.000000 -11.899522 0.027608 
379 5.429688 0.000000 -1.739583 99.425271 0.000000 -14.705916 -0.010165 
380 5.859375 0.000000 -1.338542 98.079020 0.000000 -11.932637 0.023812 
381 5.214844 0.000000 -0.736979 90.692986 0.000000 1.060671 0.177366 
382 5.000000 0.000000 -0.736979 94.963592 0.000000 -0.927867 0.098106 
383 5.214844 0.000000 -0.937500 94.186002 0.000000 -7.297998 0.107574 
384 5.429688 0.000000 -0.736979 90.334294 0.000000 2.715716 0.183234 
385 5.214844 0.000000 -0.536458 90.324971 0.000000 1.405598 0.183942 
386 46.250000 0.000000 -12.166667 98.990982 0.000000 -17.277610 -0.009773 
387 46.250000 0.000000 -25.000000 96.612038 0.000000 -25.865298 -0.000290 
388 60.000000 0.000000 -12.166667 98.818939 0.000000 -17.891537 -0.008529 
389 46.250000 0.000000 0.666667 96.707023 0.000000 -25.417291 0.000171 
390 25.625000 0.000000 -5.750000 99.253213 0.000000 -16.252772 -0.011535 
391 25.625000 0.000000 -12.166667 97.168014 0.000000 -23.951525 -0.001530 
392 32.500000 0.000000 -5.750000 96.829295 0.000000 -24.968671 0.000065 
393 25.625000 0.000000 0.666667 97.346797 0.000000 -22.806433 0.000347 
394 15.312500 0.000000 -2.541667 99.072302 0.000000 -15.749733 -0.006338 
395 15.312500 0.000000 -5.750000 98.069898 0.000000 -20.655237 -0.004434 
396 18.750000 0.000000 -2.541667 93.912307 0.000000 -35.049793 -0.004801 
397 15.312500 0.000000 0.666667 98.411888 0.000000 -18.190344 -0.001579 
398 10.156250 0.000000 -0.937500 97.300362 0.000000 -10.888175 0.041409 
399 10.156250 0.000000 -2.541667 98.493176 0.000000 -15.786819 0.004987 
400 11.875000 0.000000 -0.937500 96.160369 0.000000 -19.750153 0.036311 
401 10.156250 0.000000 0.666667 94.861891 0.000000 -14.175255 0.080028 
402 7.578125 0.000000 -0.135417 104.207723 0.000000 9.548505 -0.095042 
403 7.578125 0.000000 -0.937500 100.806626 0.000000 -7.283350 -0.021502 
404 8.437500 0.000000 -0.135417 103.506562 0.000000 6.389370 -0.075443 
405 7.578125 0.000000 0.666667 86.907634 0.000000 -11.782476 0.230824 
406 6.289062 0.000000 0.265625 -0.887272 0.000000 0.405086 0.999905 
407 6.289062 0.000000 -0.135417 1.330978 0.000000 1.010010 0.999721 
408 6.718750 0.000000 0.265625 97.717184 0.000000 -12.740970 0.028902 
409 6.289062 0.000000 0.666667 101.843820 0.000000 -12.572138 -0.053022 
410 5.644531 0.000000 0.466146 103.705095 0.000000 -10.277923 -0.086038 
411 5.644531 0.000000 0.265625 -4.767616 0.000000 0.470318 0.997705 
412 5.859375 0.000000 0.466146 103.283094 0.000000 -11.003072 -0.078847 
413 5.644531 0.000000 0.666667 103.747786 0.000000 -9.699500 -0.085768 
414 6.289062 0.000000 -0.536458 95.445922 0.000000 6.612697 0.084635 
415 6.289062 0.000000 -0.937500 96.937600 0.000000 -6.580624 0.055980 
416 6.718750 0.000000 -0.536458 97.387598 0.000000 7.283904 0.046260 
417 5.644531 0.000000 -0.736979 91.618114 0.000000 4.116048 0.158918 
418 5.644531 0.000000 -0.937500 94.869898 0.000000 -6.157367 0.096179 
419 5.859375 0.000000 -0.736979 93.280039 0.000000 5.373079 0.126996 
420 5.644531 0.000000 -0.536458 91.939519 0.000000 3.361540 0.153582 
421 46.250000 0.000000 13.500000 96.407939 0.000000 -26.449650 0.000593 
422 60.000000 0.000000 13.500000 96.397655 0.000000 -26.541559 0.000304 
423 46.250000 0.000000 26.333333 96.350002 0.000000 -26.656907 0.000609 
424 25.625000 0.000000 7.083333 96.560674 0.000000 -25.476779 0.002697 
425 32.500000 0.000000 7.083333 96.541956 0.000000 -25.775882 0.001525 
426 25.625000 0.000000 13.500000 96.368109 0.000000 -26.193388 0.002709 
427 15.312500 0.000000 3.875000 96.809431 0.000000 -23.032838 0.009742 
428 18.750000 0.000000 3.875000 96.871023 0.000000 -23.695416 0.005453 
429 15.312500 0.000000 7.083333 96.335100 0.000000 -24.756324 0.010667 
430 10.156250 0.000000 2.270833 96.144025 0.000000 -19.133964 0.039022 
431 11.875000 0.000000 2.270833 96.915684 0.000000 -19.460727 0.022863 
432 10.156250 0.000000 3.875000 96.126709 0.000000 -22.109468 0.027083 
433 7.578125 0.000000 1.468750 60.957537 0.000000 8.757826 0.620748 
434 8.437500 0.000000 1.468750 100.065399 0.000000 -19.306721 -0.038583 
435 7.578125 0.000000 2.270833 94.406857 0.000000 -18.998319 0.072641 
436 7.148438 0.000000 0.265625 91.873801 0.000000 -17.015645 0.126967 
437 7.148438 0.000000 -0.135417 6.319946 0.000000 -0.899671 0.995925 
438 7.578125 0.000000 0.265625 94.181804 0.000000 -15.995147 0.087394 
439 7.148438 0.000000 0.666667 79.851268 0.000000 -6.881642 0.357642 
440 7.148438 0.000000 1.067708 92.067785 0.000000 -17.687128 0.121069 
441 6.718750 0.000000 1.067708 95.257551 0.000000 -18.505455 0.058355 
442 7.578125 0.000000 1.067708 80.229194 0.000000 -4.608452 0.354204 
443 7.148438 0.000000 1.468750 93.610766 0.000000 -18.266133 0.090337 
444 6.933594 0.000000 0.466146 96.344368 0.000000 -14.534801 0.050650 
445 6.718750 0.000000 0.466146 99.141634 0.000000 -13.367154 -0.000774 
446 6.933594 0.000000 0.265625 97.660173 0.000000 -14.118747 0.026315 
447 7.148438 0.000000 0.466146 88.459269 0.000000 -12.702742 0.201360 
448 6.933594 0.000000 0.666667 97.669316 0.000000 -13.897788 0.026756 
449 7.578125 0.000000 -1.739583 99.159350 0.000000 -13.685918 -0.001988 
450 7.578125 0.000000 -2.541667 99.213974 0.000000 -16.682238 -0.012171 
451 8.437500 0.000000 -1.739583 99.208232 0.000000 -12.732141 -0.000438 
452 7.148438 0.000000 -0.536458 100.021632 0.000000 8.399128 -0.007487 
453 7.148438 0.000000 -0.937500 99.548583 0.000000 -7.708210 0.003066 
454 7.578125 0.000000 -0.536458 104.794083 0.000000 8.710009 -0.105766 
455 6.933594 0.000000 -0.335938 98.934556 0.000000 4.980607 0.018715 
456 6.718750 0.000000 -0.335938 97.522894 0.000000 6.422485 0.044804 
457 6.933594 0.000000 -0.536458 98.659726 0.000000 8.389106 0.019588 
458 7.148438 0.000000 -0.335938 100.913057 0.000000 5.849489 -0.021766 
459 6.933594 0.000000 -0.135417 3.418377 0.000000 -0.645016 0.998790 
460 9.296875 0.000000 -0.135417 84.762366 0.000000 -3.019318 0.280623 
461 9.296875 0.000000 -0.937500 96.667481 0.000000 -8.484604 0.058341 
462 10.156250 0.000000 -0.135417 95.064759 0.000000 -7.213134 0.091066 
463 9.296875 0.000000 0.666667 82.569082 0.000000 -19.406248 0.280574 
464 8.007812 0.000000 -0.536458 104.954475 0.000000 11.945720 -0.115814 
465 8.007812 0.000000 -0.937500 100.471457 0.000000 -6.387430 -0.013531 
466 8.437500 0.000000 -0.536458 101.066584 0.000000 13.384124 -0.039359 
467 8.007812 0.000000 -0.135417 105.078673 0.000000 11.134167 -0.116550 
468 8.007812 0.000000 0.265625 94.756760 0.000000 -13.910008 0.082767 
469 8.437500 0.000000 0.265625 106.819539 0.000000 -16.551242 -0.168436 
470 8.007812 0.000000 0.666667 98.363718 0.000000 -17.754716 0.000935 
471 7.792969 0.000000 -0.335938 105.572280 0.000000 10.274495 -0.125107 
472 7.578125 0.000000 -0.335938 104.993125 0.000000 8.735683 -0.109987 
473 7.792969 0.000000 -0.536458 105.129786 0.000000 11.403860 -0.118232 
474 8.007812 0.000000 -0.335938 105.105704 0.000000 11.425907 -0.117776 
475 7.792969 0.000000 -0.135417 106.388826 0.000000 9.231705 -0.140381 
476 10.156250 0.000000 -4.145833 98.190952 0.000000 -19.773638 -0.003246 
477 10.156250 0.000000 -5.750000 98.103472 0.000000 -21.793100 -0.009923 
478 11.875000 0.000000 -4.145833 98.321120 0.000000 -19.182314 -0.003500 
479 9.296875 0.000000 -1.739583 98.618695 0.000000 -12.468328 0.011889 
480 9.296875 0.000000 -2.541667 98.673317 0.000000 -15.742658 0.001575 
481 10.156250 0.000000 -1.739583 98.348942 0.000000 -13.165188 0.015416 
482 8.867188 0.000000 -0.536458 93.432482 0.000000 -1.383346 0.126846 
483 8.867188 0.000000 -0.937500 97.219645 0.000000 -6.984037 0.049956 
484 9.296875 0.000000 -0.536458 93.297541 0.000000 -7.508233 0.123920 
485 8.867188 0.000000 -0.135417 91.269295 0.000000 1.521232 0.166760 
486 13.593750 0.000000 -0.937500 100.501198 0.000000 -9.958497 -0.019966 
487 13.593750 0.000000 -2.541667 98.953976 0.000000 -15.496682 -0.003204 
488 15.312500 0.000000 -0.937500 97.865031 0.000000 -23.612173 -0.013510 
489 13.593750 0.000000 0.666667 98.593357 0.000000 -16.490608 0.000741 
490 11.015625 0.000000 -0.135417 91.298163 0.000000 -38.084576 0.021421 
491 11.015625 0.000000 -0.937500 97.235670 0.000000 -13.616211 0.035982 
492 11.875000 0.000000 -0.135417 97.865972 0.000000 -19.215475 0.005302 
493 11.015625 0.000000 0.666667 97.264184 0.000000 -13.664634 0.035296 
494 9.726562 0.000000 -0.536458 95.383378 0.000000 -10.518531 0.079137 
495 9.726562 0.000000 -0.937500 96.968602 0.000000 -9.990602 0.049728 
496 10.156250 0.000000 -0.536458 95.686902 0.000000 -12.780711 0.068067 
497 9.726562 0.000000 -0.135417 88.922724 0.000000 -1.776381 0.208959 
498 9.296875 0.000000 1.468750 78.729279 0.000000 -19.124714 0.343595 
499 10.156250 0.000000 1.468750 95.710059 0.000000 -16.571718 0.056496 
500 9.296875 0.000000 2.270833 95.645041 0.000000 -19.981349 0.045277 
501 8.867188 0.000000 0.265625 100.519347 0.000000 -19.239713 -0.047431 
502 9.296875 0.000000 0.265625 108.391853 0.000000 -26.895267 -0.247215 
503 8.867188 0.000000 0.666667 96.474074 0.000000 -19.089487 0.032834 
504 9.082031 0.000000 -0.335938 88.029493 0.000000 9.828133 0.215422 
505 8.867188 0.000000 -0.335938 91.988220 0.000000 11.077458 0.141546 
506 9.082031 0.000000 -0.536458 92.576375 0.000000 -4.545803 0.140895 
507 9.296875 0.000000 -0.335938 82.871088 0.000000 6.548580 0.308950 
508 9.082031 0.000000 -0.135417 85.394050 0.000000 0.435686 0.270767 
509 9.726562 0.000000 0.265625 83.258582 0.000000 -32.633805 0.200304 
510 10.156250 0.000000 0.265625 91.288038 0.000000 -21.142897 0.121947 
511 9.726562 0.000000 0.666667 93.811302 0.000000 -16.327499 0.093285 
512 9.511719 0.000000 0.065104 104.411519 0.000000 -27.872945 -0.167867 
513 9.296875 0.000000 0.065104 101.413475 0.000000 -28.410594 -0.109185 
514 9.511719 0.000000 -0.135417 86.722113 0.000000 0.864033 0.247853 
515 9.726562 0.000000 0.065104 103.441477 0.000000 -29.294565 -0.155831 
516 9.511719 0.000000 0.265625 113.224903 0.000000 -27.368576 -0.356892 
517 13.593750 0.000000 2.270833 97.279544 0.000000 -20.480897 0.011722 
518 15.312500 0.000000 2.270833 97.288347 0.000000 -21.277301 0.008225 
519 13.593750 0.000000 3.875000 96.694135 0.000000 -22.667125 0.013645 
520 11.015625 0.000000 1.468750 96.850940 0.000000 -16.798509 0.033771 
521 11.875000 0.000000 1.468750 97.437185 0.000000 -17.360542 0.020461 
522 11.015625 0.000000 2.270833 96.587397 0.000000 -19.189154 0.030265 
523 10.585938 0.000000 0.265625 95.193225 0.000000 -15.116632 0.070974 
524 10.585938 0.000000 -0.135417 97.360429 0.000000 -7.612278 0.046300 
525 11.015625 0.000000 0.265625 97.210492 0.000000 -13.581161 0.036567 
526 10.585938 0.000000 0.666667 96.234194 0.000000 -13.350114 0.056075 
527 9.941406 0.000000 0.065104 100.614687 0.000000 -18.756676 -0.047513 
528 9.941406 0.000000 -0.135417 93.665002 0.000000 20.228268 0.081768 
529 10.156250 0.000000 0.065104 94.484316 0.000000 -8.554380 0.099954 
530 9.941406 0.000000 0.265625 87.378695 0.000000 -25.896838 0.169432 
531 11.015625 0.000000 -1.739583 98.403637 0.000000 -13.729971 0.012821 
532 11.015625 0.000000 -2.541667 98.501659 0.000000 -15.859676 0.004589 
533 11.875000 0.000000 -1.739583 98.610432 0.000000 -14.062783 0.007822 
534 10.585938 0.000000 -0.536458 94.467397 0.000000 -17.612957 0.076569 
535 10.585938 0.000000 -0.937500 97.403620 0.000000 -11.874346 0.037153 
536 11.015625 0.000000 -0.536458 91.012915 0.000000 -31.010325 0.075501 
537 9.941406 0.000000 -0.335938 94.535162 0.000000 -16.397049 0.079424 
538 9.726562 0.000000 -0.335938 94.539546 0.000000 -14.491084 0.085228 
539 9.941406 0.000000 -0.536458 95.651364 0.000000 -11.471965 0.071921 
540 10.156250 0.000000 -0.335938 93.228847 0.000000 -20.456952 0.088990 
541 9.833984 0.000000 -0.035156 96.130954 0.000000 -6.006765 0.072276 
542 9.726562 0.000000 -0.035156 97.630787 0.000000 -19.429860 0.009071 
543 9.833984 0.000000 -0.135417 90.872583 0.000000 2.200054 0.173733 
544 9.941406 0.000000 -0.035156 97.380897 0.000000 -5.735655 0.048406 
545 9.833984 0.000000 0.065104 105.711225 0.000000 -26.763279 -0.189114 
546 10.371094 0.000000 0.065104 85.692969 0.000000 -40.297523 0.103282 
547 10.371094 0.000000 -0.135417 96.480373 0.000000 -7.834976 0.063015 
548 10.585938 0.000000 0.065104 91.473957 0.000000 -26.042965 0.095428 
549 10.371094 0.000000 0.265625 93.522774 0.000000 -17.497171 0.094734 
550 10.048828 0.000000 -0.035156 92.631592 0.000000 18.363836 0.108216 
551 10.048828 0.000000 -0.135417 92.609308 0.000000 -9.105945 0.134060 
552 10.156250 0.000000 -0.035156 94.571441 0.000000 -7.758995 0.099604 
553 10.048828 0.000000 0.065104 92.611169 0.000000 -10.809163 0.130633 
554 9.726562 0.000000 1.067708 94.721760 0.000000 -15.470873 0.078844 
555 9.296875 0.000000 1.067708 75.852757 0.000000 -17.620437 0.393588 
556 10.156250 0.000000 1.067708 95.613259 0.000000 -15.082607 0.063062 
557 9.726562 0.000000 1.468750 94.918036 0.000000 -16.769808 0.070934 
558 9.941406 0.000000 0.466146 92.724333 0.000000 -17.110161 0.110944 
559 9.726562 0.000000 0.466146 92.079022 0.000000 -19.788435 0.112987 
560 10.156250 0.000000 0.466146 93.713377 0.000000 -14.907939 0.099556 
561 9.941406 0.000000 0.666667 94.249228 0.000000 -15.117713 0.088854 
562 9.833984 0.000000 0.165365 109.288801 0.000000 -29.422957 -0.280975 
563 9.726562 0.000000 0.165365 108.570524 0.000000 -32.703925 -0.285711 
564 9.941406 0.000000 0.165365 84.224984 0.000000 -43.503966 0.101356 
565 9.833984 0.000000 0.265625 85.559197 0.000000 -29.196291 0.182720 
566 9.887695 0.000000 0.014974 99.754319 0.000000 -16.006591 -0.020714 
567 9.833984 0.000000 0.014974 102.897404 0.000000 -25.037915 -0.121477 
568 9.887695 0.000000 -0.035156 98.445783 0.000000 -12.021653 0.016391 
569 9.941406 0.000000 0.014974 100.093608 0.000000 -17.941441 -0.034063 
570 9.887695 0.000000 0.065104 101.498882 0.000000 -21.797254 -0.077714 
571 18.750000 0.000000 39.166667 96.303320 0.000000 -26.737867 0.001076 
572 5.000000 0.000000 39.166667 96.291567 0.000000 -26.765922 0.001152 
573 32.500000 0.000000 39.166667 96.321374 0.000000 -26.728310 0.000779 
574 18.750000 0.000000 52.000000 96.315487 0.000000 -26.775031 0.000642 
575 11.875000 0.000000 19.916667 96.189316 0.000000 -26.497313 0.004551 
576 5.000000 0.000000 19.916667 96.140586 0.000000 -26.601961 0.004932 
577 18.750000 0.000000 19.916667 96.261167 0.000000 -26.462130 0.003354 
578 11.875000 0.000000 26.333333 96.222226 0.000000 -26.640486 0.003157 
579 8.437500 0.000000 10.291667 95.923027 0.000000 -25.713598 0.013758 
580 5.000000 0.000000 10.291667 95.761892 0.000000 -25.974066 0.015501 
581 11.875000 0.000000 10.291667 96.043045 0.000000 -25.579904 0.012140 
582 8.437500 0.000000 13.500000 96.064942 0.000000 -26.195576 0.008532 
583 10.156250 0.000000 5.479167 95.928102 0.000000 -23.560674 0.024269 
584 8.437500 0.000000 5.479167 95.695888 0.000000 -23.673679 0.028185 
585 11.875000 0.000000 5.479167 96.308316 0.000000 -23.811453 0.015772 
586 10.156250 0.000000 7.083333 96.005620 0.000000 -24.643704 0.017561 
587 9.296875 0.000000 3.072917 96.019737 0.000000 -20.980776 0.034002 
588 8.437500 0.000000 3.072917 95.962072 0.000000 -21.116771 0.034536 
589 10.156250 0.000000 3.072917 96.190836 0.000000 -21.000558 0.030630 
590 9.296875 0.000000 3.875000 96.036784 0.000000 -22.120450 0.028762 
591 8.867188 0.000000 1.869792 98.091028 0.000000 -22.262138 -0.011745 
592 8.437500 0.000000 1.869792 100.540587 0.000000 -20.738625 -0.053850 
593 8.867188 0.000000 1.468750 97.034423 0.000000 -20.620213 0.015913 
594 9.296875 0.000000 1.869792 93.478089 0.000000 -19.376389 0.088640 
595 8.867188 0.000000 2.270833 96.446342 0.000000 -20.198643 0.029012 
596 9.726562 0.000000 1.869792 95.399970 0.000000 -18.333510 0.056273 
597 10.156250 0.000000 1.869792 95.915875 0.000000 -17.998460 0.047620 
598 9.726562 0.000000 2.270833 95.777250 0.000000 -19.413691 0.044983 
599 6.718750 0.000000 5.479167 95.419858 0.000000 -23.936921 0.032207 
600 5.000000 0.000000 5.479167 95.077420 0.000000 -24.402298 0.036481 
601 6.718750 0.000000 7.083333 95.368482 0.000000 -24.825929 0.028853 
602 7.578125 0.000000 3.072917 95.232343 0.000000 -21.132585 0.048421 
603 6.718750 0.000000 3.072917 94.662361 0.000000 -21.152453 0.059161 
604 7.578125 0.000000 3.875000 95.678290 0.000000 -22.314323 0.034774 
605 8.867188 0.000000 2.671875 96.125896 0.000000 -20.523451 0.033860 
606 8.437500 0.000000 2.671875 95.887425 0.000000 -20.155892 0.039934 
607 9.296875 0.000000 2.671875 95.964870 0.000000 -20.367872 0.037589 
608 8.867188 0.000000 3.072917 95.977386 0.000000 -20.964911 0.034881 
609 9.082031 0.000000 2.070312 96.012860 0.000000 -21.629159 0.031371 
610 8.867188 0.000000 2.070312 109.452295 0.000000 -4.091931 -0.199655 
611 9.082031 0.000000 1.869792 90.837235 0.000000 -23.410356 0.120055 
612 9.296875 0.000000 2.070312 94.846633 0.000000 -19.973257 0.060519 
613 9.082031 0.000000 2.270833 95.920381 0.000000 -20.323976 0.038622 
614 8.867188 0.000000 1.067708 94.419639 0.000000 -19.647572 0.069890 
615 8.437500 0.000000 1.067708 99.076561 0.000000 -17.486679 -0.012195 
616 9.082031 0.000000 1.669271 88.098131 0.000000 -21.693593 0.176811 
617 8.867188 0.000000 1.669271 97.498272 0.000000 -20.833576 0.006005 
618 9.082031 0.000000 1.468750 85.591316 0.000000 -20.660741 0.224726 
619 9.296875 0.000000 1.669271 92.925976 0.000000 -18.330118 0.102877 
620 11.015625 0.000000 3.072917 96.456162 0.000000 -21.141263 0.024926 
621 11.875000 0.000000 3.072917 96.634100 0.000000 -21.213189 0.021185 
622 11.015625 0.000000 3.875000 96.292760 0.000000 -22.135785 0.023771 
623 9.726562 0.000000 2.671875 96.070252 0.000000 -20.270024 0.035963 
624 10.156250 0.000000 2.671875 96.224815 0.000000 -20.198228 0.033282 
625 9.726562 0.000000 3.072917 96.105095 0.000000 -20.998591 0.032287 
626 9.511719 0.000000 2.070312 95.338890 0.000000 -19.266556 0.053930 
627 9.511719 0.000000 1.869792 94.742739 0.000000 -18.471506 0.068262 
628 9.726562 0.000000 2.070312 95.608538 0.000000 -18.931078 0.050062 
629 9.511719 0.000000 2.270833 95.723470 0.000000 -19.697446 0.044903 
630 9.189453 0.000000 1.970052 79.206445 0.000000 -23.823064 0.315880 
631 9.082031 0.000000 1.970052 101.723007 0.000000 -15.968409 -0.060256 
632 9.189453 0.000000 1.869792 79.238721 0.000000 -21.587206 0.325522 
633 9.296875 0.000000 1.970052 94.135629 0.000000 -19.797145 0.074656 
634 9.189453 0.000000 2.070312 94.861274 0.000000 -21.137152 0.055456 
635 8.007812 0.000000 1.869792 71.143062 0.000000 2.222585 0.493372 
636 7.578125 0.000000 1.869792 92.776407 0.000000 -17.308673 0.109295 
637 8.007812 0.000000 1.468750 89.904818 0.000000 -10.787902 0.180074 
638 8.007812 0.000000 2.270833 94.912833 0.000000 -17.844227 0.067314 
639 8.652344 0.000000 2.070312 107.330397 0.000000 -3.808927 -0.153432 
640 8.437500 0.000000 2.070312 103.724540 0.000000 -2.039446 -0.076294 
641 8.652344 0.000000 1.869792 99.410155 0.000000 -21.323258 -0.033706 
642 8.652344 0.000000 2.270833 96.708335 0.000000 -19.336789 0.027359 
643 8.974609 0.000000 1.970052 105.373444 0.000000 -12.672979 -0.126417 
644 8.867188 0.000000 1.970052 105.596412 0.000000 -12.418172 -0.130481 
645 8.974609 0.000000 1.869792 97.274389 0.000000 -23.190597 -0.000011 
646 8.974609 0.000000 2.070312 97.238575 0.000000 -20.542401 0.012267 
647 9.082031 0.000000 2.471354 96.066017 0.000000 -20.363905 0.035663 
648 8.867188 0.000000 2.471354 96.094587 0.000000 -20.226101 0.035674 
649 9.296875 0.000000 2.471354 95.889141 0.000000 -20.168578 0.039850 
650 9.082031 0.000000 2.671875 96.125832 0.000000 -20.434626 0.034225 
651 9.189453 0.000000 2.170573 95.545238 0.000000 -20.532730 0.044951 
652 9.082031 0.000000 2.170573 95.931743 0.000000 -20.671011 0.036981 
653 9.296875 0.000000 2.170573 95.406715 0.000000 -19.928735 0.050040 
654 9.189453 0.000000 2.270833 95.748576 0.000000 -20.273506 0.042120 
655 9.135742 0.000000 2.020182 101.352309 0.000000 -10.937923 -0.039193 
656 9.082031 0.000000 2.020182 109.006465 0.000000 -7.722851 -0.194205 
657 9.135742 0.000000 1.970052 83.830645 0.000000 -25.018175 0.234651 
658 9.189453 0.000000 2.020182 93.679843 0.000000 -21.746733 0.075117 
659 9.135742 0.000000 2.070312 95.301214 0.000000 -21.609666 0.045070 
660 8.974609 0.000000 2.170573 96.453186 0.000000 -20.570147 0.027365 
661 8.867188 0.000000 2.170573 96.875315 0.000000 -20.099371 0.021119 
662 8.974609 0.000000 2.270833 96.208103 0.000000 -20.346953 0.033000 
663 9.028320 0.000000 2.020182 109.711722 0.000000 -6.223520 -0.207539 
664 8.974609 0.000000 2.020182 110.293811 0.000000 -3.783710 -0.217904 
665 9.028320 0.000000 1.970052 104.185097 0.000000 -14.783254 -0.107308 
666 9.028320 0.000000 2.070312 96.642360 0.000000 -21.137990 0.021344 
667 8.652344 0.000000 1.669271 98.956561 0.000000 -19.858697 -0.018677 
668 8.437500 0.000000 1.669271 100.415599 0.000000 -19.805174 -0.047554 
669 8.652344 0.000000 1.468750 98.964339 0.000000 -19.468003 -0.017294 
670 8.974609 0.000000 1.769531 96.445408 0.000000 -22.183047 0.020620 
671 8.867188 0.000000 1.769531 97.734748 0.000000 -21.185178 -0.000089 
672 8.974609 0.000000 1.669271 93.916865 0.000000 -21.484292 0.071805 
673 9.082031 0.000000 1.769531 88.861811 0.000000 -22.209100 0.161033 
674 9.028320 0.000000 1.919922 96.963197 0.000000 -24.676953 -0.001081 
675 8.974609 0.000000 1.919922 97.719025 0.000000 -23.863855 -0.011849 
676 9.028320 0.000000 1.869792 95.471449 0.000000 -23.430299 0.033622 
677 9.082031 0.000000 1.919922 93.160515 0.000000 -24.851093 0.070354 
678 9.055176 0.000000 1.995117 108.518348 0.000000 -8.348237 -0.184592 
679 9.028320 0.000000 1.995117 108.703511 0.000000 -7.880105 -0.187855 
680 9.055176 0.000000 1.970052 101.671079 0.000000 -18.200662 -0.066827 
681 9.082031 0.000000 1.995117 108.649118 0.000000 -7.615030 -0.186262 
682 9.055176 0.000000 2.020182 109.300373 0.000000 -7.146917 -0.199765 
683 9.511719 0.000000 1.669271 94.439890 0.000000 -17.842639 0.076275 
684 9.511719 0.000000 1.468750 94.204863 0.000000 -16.965889 0.083760 
685 9.726562 0.000000 1.669271 95.054007 0.000000 -17.457507 0.065997 
686 9.189453 0.000000 1.769531 81.204575 0.000000 -20.864101 0.297051 
687 9.189453 0.000000 1.669271 84.112713 0.000000 -20.924748 0.248721 
688 9.296875 0.000000 1.769531 93.079110 0.000000 -18.824683 0.098191 
689 9.135742 0.000000 1.919922 83.867504 0.000000 -23.863231 0.239679 
690 9.135742 0.000000 1.869792 82.641446 0.000000 -22.144751 0.268000 
691 9.189453 0.000000 1.919922 79.368544 0.000000 -22.187661 0.320834 
692 9.108887 0.000000 1.995117 105.096182 0.000000 -9.294121 -0.113159 
693 9.108887 0.000000 1.970052 94.802532 0.000000 -20.953634 0.057343 
694 9.135742 0.000000 1.995117 94.016861 0.000000 -7.630260 0.110261 
695 9.108887 0.000000 2.020182 107.166028 0.000000 -7.482153 -0.154054 
696 9.028320 0.000000 2.120443 96.325022 0.000000 -20.871267 0.028588 
697 8.974609 0.000000 2.120443 96.673417 0.000000 -20.652159 0.022774 
698 9.082031 0.000000 2.120443 95.958883 0.000000 -20.987286 0.035143 
699 9.028320 0.000000 2.170573 96.176480 0.000000 -20.668790 0.032289 
700 9.055176 0.000000 2.045247 111.158132 0.000000 -4.309413 -0.237470 
701 9.028320 0.000000 2.045247 110.781788 0.000000 -4.274980 -0.229088 
702 9.082031 0.000000 2.045247 96.310323 0.000000 -22.013469 0.023973 
703 9.055176 0.000000 2.070312 96.324894 0.000000 -21.434390 0.026208 
704 9.068604 0.000000 2.007650 108.977055 0.000000 -7.722005 -0.193563 
705 9.055176 0.000000 2.007650 109.616546 0.000000 -6.911619 -0.206356 
706 9.068604 0.000000 1.995117 108.439598 0.000000 -8.510963 -0.183158 
707 9.082031 0.000000 2.007650 109.749573 0.000000 -6.725051 -0.209020 
708 9.068604 0.000000 2.020182 110.065216 0.000000 -6.364337 -0.215486 
709 9.082031 0.000000 0.065104 102.717269 0.000000 -28.310376 -0.135231 
710 8.867188 0.000000 0.065104 105.209058 0.000000 -24.969813 -0.169244 
711 9.082031 0.000000 0.265625 98.391248 0.000000 -20.839495 -0.011512 
712 9.082031 0.000000 0.466146 91.072934 0.000000 -21.467381 0.124487 
713 8.867188 0.000000 0.466146 97.501480 0.000000 -19.172669 0.012587 
714 9.296875 0.000000 0.466146 95.131313 0.000000 -22.386521 0.044888 
715 9.082031 0.000000 0.666667 86.865507 0.000000 -19.560101 0.207179 
716 9.189453 0.000000 0.165365 103.719495 0.000000 -24.646257 -0.136517 
717 9.082031 0.000000 0.165365 100.998931 0.000000 -22.888270 -0.072466 
718 9.189453 0.000000 0.065104 101.913821 0.000000 -33.477498 -0.150717 
719 9.296875 0.000000 0.165365 107.683213 0.000000 -28.656854 -0.241689 
720 9.189453 0.000000 0.265625 101.652021 0.000000 -23.267753 -0.087452 
721 8.652344 0.000000 0.065104 104.962976 0.000000 -19.548141 -0.139936 
722 8.437500 0.000000 0.065104 107.208343 0.000000 -13.455608 -0.167468 
723 8.652344 0.000000 -0.135417 97.994159 0.000000 6.819946 0.035063 
724 8.652344 0.000000 0.265625 104.417212 0.000000 -16.352523 -0.117036 
725 8.974609 0.000000 0.165365 100.590829 0.000000 -22.681891 -0.063298 
726 8.867188 0.000000 0.165365 101.540280 0.000000 -20.376920 -0.072565 
727 8.974609 0.000000 0.065104 99.189660 0.000000 -27.881229 -0.061595 
728 8.974609 0.000000 0.265625 94.776818 0.000000 -19.451064 0.063901 
729 9.511719 0.000000 0.466146 93.097312 0.000000 -22.527462 0.082540 
730 9.511719 0.000000 0.666667 93.781140 0.000000 -17.190975 0.090957 
731 9.189453 0.000000 0.365885 97.452238 0.000000 -21.787750 0.002836 
732 9.082031 0.000000 0.365885 91.579660 0.000000 -21.569713 0.114791 
733 9.296875 0.000000 0.365885 107.799920 0.000000 -21.375305 -0.207773 
734 9.189453 0.000000 0.466146 86.226024 0.000000 -21.217911 0.211487 
735 9.135742 0.000000 0.215495 101.403010 0.000000 -21.523082 -0.074581 
736 9.082031 0.000000 0.215495 99.288236 0.000000 -19.799414 -0.025017 
737 9.135742 0.000000 0.165365 102.160878 0.000000 -24.083050 -0.101684 
738 9.189453 0.000000 0.215495 102.642598 0.000000 -22.548388 -0.104393 
739 9.135742 0.000000 0.265625 100.072804 0.000000 -21.942665 -0.049605 
740 9.404297 0.000000 0.165365 109.992312 0.000000 -29.632352 -0.297638 
741 9.404297 0.000000 0.065104 103.050619 0.000000 -30.586132 -0.155494 
742 9.511719 0.000000 0.165365 110.934525 0.000000 -32.503291 -0.336293 
743 9.404297 0.000000 0.265625 110.943437 0.000000 -25.857291 -0.297705 
744 9.243164 0.000000 0.215495 105.474442 0.000000 -26.888705 -0.184786 
745 9.243164 0.000000 0.165365 106.649864 0.000000 -27.244624 -0.211646 
746 9.296875 0.000000 0.215495 108.240891 0.000000 -28.310492 -0.251757 
747 9.243164 0.000000 0.265625 103.224806 0.000000 -25.015404 -0.128113 
748 9.619141 0.000000 0.165365 110.022937 0.000000 -31.996994 -0.312885 
749 9.619141 0.000000 0.065104 103.055779 0.000000 -29.550144 -0.149370 
750 9.619141 0.000000 0.265625 113.735068 0.000000 -24.835505 -0.355247 
751 9.511719 0.000000 -0.335938 91.884346 0.000000 -11.258308 0.143052 
752 9.511719 0.000000 -0.536458 94.568455 0.000000 -9.437112 0.096775 
753 9.619141 0.000000 -0.035156 96.767253 0.000000 -21.229149 0.018542 
754 9.511719 0.000000 -0.035156 94.839134 0.000000 -16.988507 0.071693 
755 9.619141 0.000000 -0.135417 87.837668 0.000000 -7.016008 0.223532 
756 9.565430 0.000000 0.115234 109.250834 0.000000 -31.936136 -0.295566 
757 9.511719 0.000000 0.115234 110.349129 0.000000 -31.068203 -0.314216 
758 9.565430 0.000000 0.065104 103.086896 0.000000 -30.244410 -0.154163 
759 9.619141 0.000000 0.115234 108.079178 0.000000 -33.928907 -0.283228 
760 9.565430 0.000000 0.165365 110.611412 0.000000 -32.095326 -0.326499 
761 9.672852 0.000000 0.115234 108.233564 0.000000 -31.166826 -0.268588 
762 9.672852 0.000000 0.065104 104.702207 0.000000 -26.737128 -0.167743 
763 9.726562 0.000000 0.115234 107.594484 0.000000 -32.226134 -0.261510 
764 9.672852 0.000000 0.165365 109.741591 0.000000 -31.215196 -0.301761 
765 9.780273 0.000000 0.115234 107.311686 0.000000 -34.799793 -0.272682 
766 9.780273 0.000000 0.065104 104.386779 0.000000 -26.666603 -0.160771 
767 9.833984 0.000000 0.115234 106.983415 0.000000 -33.393201 -0.256056 
768 9.780273 0.000000 0.165365 109.595814 0.000000 -29.812833 -0.290005 
769 10.048828 0.000000 0.165365 85.985975 0.000000 -35.287221 0.136122 
770 10.156250 0.000000 0.165365 87.816111 0.000000 -31.169916 0.131677 
771 10.048828 0.000000 0.265625 89.500031 0.000000 -23.274660 0.144803 
772 9.995117 0.000000 0.014974 98.491274 0.000000 -10.877265 0.018115 
773 9.995117 0.000000 -0.035156 97.542745 0.000000 -6.378148 0.044473 
774 10.048828 0.000000 0.014974 98.906880 0.000000 -13.293272 0.004072 
775 9.995117 0.000000 0.065104 98.715443 0.000000 -11.900245 0.011365 
776 10.371094 0.000000 -0.335938 90.594101 0.000000 -27.171570 0.105441 
777 10.371094 0.000000 -0.536458 95.347685 0.000000 -14.571210 0.069650 
778 10.585938 0.000000 -0.335938 97.269992 0.000000 -9.756119 0.044337 
779 10.263672 0.000000 -0.035156 95.678546 0.000000 -7.627633 0.078743 
780 10.263672 0.000000 -0.135417 95.946865 0.000000 -7.317071 0.074066 
781 10.371094 0.000000 -0.035156 96.346692 0.000000 -7.974833 0.065372 
782 10.263672 0.000000 0.065104 95.522610 0.000000 -8.358913 0.080556 
783 10.102539 0.000000 0.014974 93.509919 0.000000 -9.252860 0.117028 
784 10.102539 0.000000 -0.035156 93.484958 0.000000 -8.597661 0.118664 
785 10.156250 0.000000 0.014974 94.472252 0.000000 -8.169458 0.100825 
786 10.102539 0.000000 0.065104 93.658378 0.000000 -9.052187 0.114617 
787 9.995117 0.000000 0.115234 92.629536 0.000000 -12.747571 0.125727 
788 9.941406 0.000000 0.115234 107.128503 0.000000 -30.425336 -0.240222 
789 10.048828 0.000000 0.115234 89.128906 0.000000 -26.621026 0.134736 
790 9.995117 0.000000 0.165365 84.596796 0.000000 -38.923043 0.132838 
791 10.021973 0.000000 0.040039 98.466999 0.000000 -10.765571 0.018835 
792 9.995117 0.000000 0.040039 98.744019 0.000000 -12.029555 0.010491 
793 10.021973 0.000000 0.014974 98.293408 0.000000 -9.961537 0.023917 
794 10.048828 0.000000 0.040039 103.634916 0.000000 -32.369479 -0.178798 
795 10.021973 0.000000 0.065104 101.423281 0.000000 -25.462201 -0.093501 
796 9.404297 0.000000 0.365885 94.449420 0.000000 -29.286055 0.022163 
797 9.511719 0.000000 0.365885 90.601506 0.000000 -30.130702 0.088351 
798 9.404297 0.000000 0.466146 94.100650 0.000000 -22.970175 0.061744 
799 9.350586 0.000000 0.315755 108.532335 0.000000 -24.113652 -0.236074 
800 9.296875 0.000000 0.315755 108.504231 0.000000 -24.018880 -0.235007 
801 9.350586 0.000000 0.265625 109.986647 0.000000 -26.648622 -0.280721 
802 9.404297 0.000000 0.315755 109.887714 0.000000 -22.037707 -0.256097 
803 9.350586 0.000000 0.365885 107.803434 0.000000 -21.382375 -0.207879 
804 9.619141 0.000000 0.365885 88.626455 0.000000 -27.342847 0.139772 
805 9.726562 0.000000 0.365885 88.578469 0.000000 -24.794372 0.153909 
806 9.619141 0.000000 0.466146 92.449176 0.000000 -21.369165 0.099651 
807 9.833984 0.000000 0.365885 89.283619 0.000000 -21.806764 0.155290 
808 9.941406 0.000000 0.365885 90.006883 0.000000 -19.083309 0.153459 
809 9.833984 0.000000 0.466146 92.289266 0.000000 -18.365292 0.114541 
810 9.780273 0.000000 0.215495 109.659634 0.000000 -25.549859 -0.267803 
811 9.726562 0.000000 0.215495 109.816283 0.000000 -28.319686 -0.286162 
812 9.833984 0.000000 0.215495 83.325842 0.000000 -36.788795 0.170339 
813 9.780273 0.000000 0.265625 84.315073 0.000000 -30.591206 0.195515 
814 -36.250000 0.000000 -37.833333 96.361963 0.000000 -26.819339 -0.000490 
815 -50.000000 0.000000 -37.833333 96.352059 0.000000 -26.821339 -0.000310 
816 -36.250000 0.000000 -50.666667 96.358133 0.000000 -26.815059 -0.000394 
817 46.250000 0.000000 -37.833333 96.431303 0.000000 -26.527228 -0.000269 
818 46.250000 0.000000 -50.666667 96.387500 0.000000 -26.682489 -0.000251 
819 60.000000 0.000000 -37.833333 96.451365 0.000000 -26.430547 -0.000144 
820 -8.750000 0.000000 39.166667 96.296975 0.000000 -26.797167 0.000880 
821 -22.500000 0.000000 39.166667 96.310556 0.000000 -26.814833 0.000524 
822 -8.750000 0.000000 52.000000 96.312618 0.000000 -26.802116 0.000553 
823 -36.250000 0.000000 39.166667 96.321468 0.000000 -26.820955 0.000281 
824 -50.000000 0.000000 39.166667 96.328028 0.000000 -26.822154 0.000148 
825 -36.250000 0.000000 52.000000 96.323900 0.000000 -26.817399 0.000253 
826 -15.625000 0.000000 -18.583333 96.460758 0.000000 -26.854581 -0.002585 
827 -22.500000 0.000000 -18.583333 96.429809 0.000000 -26.885565 -0.002154 
828 -15.625000 0.000000 -25.000000 96.442254 0.000000 -26.825965 -0.002074 
829 46.250000 0.000000 39.166667 96.334364 0.000000 -26.732140 0.000508 
830 60.000000 0.000000 39.166667 96.341340 0.000000 -26.740552 0.000329 
831 46.250000 0.000000 52.000000 96.330561 0.000000 -26.766744 0.000396 
832 25.625000 0.000000 -18.583333 96.697907 0.000000 -25.738496 -0.001296 
833 25.625000 0.000000 -25.000000 96.505106 0.000000 -26.324712 -0.000623 
834 32.500000 0.000000 -18.583333 96.737814 0.000000 -25.465351 -0.000669 
835 -1.875000 0.000000 19.916667 96.156293 0.000000 -26.726859 0.003964 
836 -8.750000 0.000000 19.916667 96.210725 0.000000 -26.805735 0.002495 
837 -1.875000 0.000000 26.333333 96.206651 0.000000 -26.757956 0.002829 
838 -15.625000 0.000000 19.916667 96.246276 0.000000 -26.848145 0.001583 
839 -22.500000 0.000000 19.916667 96.299646 0.000000 -26.834152 0.000631 
840 -15.625000 0.000000 26.333333 96.284945 0.000000 -26.815439 0.001014 
841 -5.312500 0.000000 -8.958333 96.731272 0.000000 -26.901974 -0.008066 
842 -8.750000 0.000000 -8.958333 96.619096 0.000000 -26.990105 -0.006372 
843 -5.312500 0.000000 -12.166667 96.758922 0.000000 -26.862012 -0.008386 
844 25.625000 0.000000 19.916667 96.303633 0.000000 -26.466352 0.002514 
845 32.500000 0.000000 19.916667 96.349568 0.000000 -26.521054 0.001339 
846 25.625000 0.000000 26.333333 96.309451 0.000000 -26.622645 0.001572 
847 15.312500 0.000000 -8.958333 97.340522 0.000000 -23.690451 -0.003641 
848 15.312500 0.000000 -12.166667 97.085274 0.000000 -24.966802 -0.004889 
849 18.750000 0.000000 -8.958333 97.505154 0.000000 -22.987251 -0.003567 
850 1.562500 0.000000 10.291667 95.750116 0.000000 -26.353507 0.013741 
851 -1.875000 0.000000 10.291667 95.820319 0.000000 -26.682351 0.010652 
852 1.562500 0.000000 13.500000 95.971969 0.000000 -26.523376 0.008589 
853 -5.312500 0.000000 10.291667 96.038545 0.000000 -26.804252 0.005813 
854 -8.750000 0.000000 10.291667 96.120857 0.000000 -26.898943 0.003723 
855 -5.312500 0.000000 13.500000 96.067940 0.000000 -26.801644 0.005262 
856 -3.593750 0.000000 -4.145833 96.847560 0.000000 -27.327750 -0.012626 
857 -5.312500 0.000000 -4.145833 96.623614 0.000000 -27.169716 -0.007432 
858 -3.593750 0.000000 -5.750000 96.957048 0.000000 -27.158293 -0.013824 
859 15.312500 0.000000 10.291667 96.236442 0.000000 -25.633257 0.008148 
860 18.750000 0.000000 10.291667 96.284902 0.000000 -25.648905 0.007135 
861 15.312500 0.000000 13.500000 96.152686 0.000000 -26.038508 0.007666 
862 3.281250 0.000000 5.479167 94.780374 0.000000 -25.059974 0.038868 
863 1.562500 0.000000 5.479167 94.856670 0.000000 -25.728581 0.034025 
864 3.281250 0.000000 7.083333 95.104904 0.000000 -25.634091 0.029795 
865 -0.156250 0.000000 5.479167 95.012566 0.000000 -26.423464 0.027441 
866 -1.875000 0.000000 5.479167 95.377498 0.000000 -26.791302 0.018536 
867 -0.156250 0.000000 7.083333 95.370168 0.000000 -26.467349 0.020401 
868 -3.593750 0.000000 5.479167 95.737301 0.000000 -26.834670 0.011427 
869 -5.312500 0.000000 5.479167 95.898281 0.000000 -26.983695 0.007540 
870 -3.593750 0.000000 7.083333 95.824417 0.000000 -26.787269 0.010012 
871 -0.585938 0.000000 1.067708 91.443224 0.000000 -26.355363 0.094353 
872 -1.015625 0.000000 1.067708 92.787946 0.000000 -27.212418 0.064988 
873 -0.585938 0.000000 1.468750 92.381138 0.000000 -26.300888 0.077399 
874 0.273438 0.000000 -1.338542 98.906206 0.000000 -31.449509 -0.077151 
875 -0.156250 0.000000 -1.338542 97.417316 0.000000 -30.998002 -0.045101 
876 0.273438 0.000000 -1.739583 98.438245 0.000000 -29.932509 -0.058604 
877 0.488281 0.000000 -0.736979 101.315903 0.000000 -36.091090 -0.156748 
878 0.273438 0.000000 -0.736979 98.458220 0.000000 -36.575451 -0.103178 
879 0.488281 0.000000 -0.937500 100.496898 0.000000 -33.885712 -0.124787 
880 0.917969 0.000000 0.065104 -0.476625 0.000000 -0.274194 0.999970 
881 1.132812 0.000000 0.065104 -0.178734 0.000000 -0.245456 0.999991 
882 1.347656 0.000000 0.466146 89.482603 0.000000 7.491609 0.193674 
883 1.347656 0.000000 0.265625 0.125242 0.000000 -0.304669 0.999989 
884 1.347656 0.000000 0.666667 89.335410 0.000000 8.959629 0.193891 
885 1.347656 0.000000 -0.736979 112.563627 0.000000 -15.964776 -0.292544 
886 1.347656 0.000000 -0.937500 106.154796 0.000000 -27.364687 -0.201767 
887 1.347656 0.000000 -0.536458 112.435814 0.000000 -18.747888 -0.299330 
888 1.347656 0.000000 -0.335938 -0.342479 0.000000 0.086062 0.999988 
889 1.562500 0.000000 -0.335938 0.124382 0.000000 -0.110081 0.999997 
890 1.347656 0.000000 -0.135417 0.141857 0.000000 -0.081607 0.999997 
891 -0.585938 0.000000 -1.338542 96.133623 0.000000 -30.012200 -0.014241 
892 -1.015625 0.000000 -1.338542 96.081039 0.000000 -29.504863 -0.010210 
893 -0.585938 0.000000 -1.739583 96.958528 0.000000 -29.511764 -0.027190 
894 2.851562 0.000000 1.067708 88.929795 0.000000 -12.855836 0.192622 
895 3.281250 0.000000 1.067708 89.756527 0.000000 -11.822391 0.180400 
896 2.851562 0.000000 1.468750 90.112034 0.000000 -17.593836 0.157028 
897 2.851562 0.000000 -1.338542 107.370471 0.000000 -18.917788 -0.188630 
898 2.851562 0.000000 -1.739583 105.190846 0.000000 -21.524231 -0.152841 
899 3.281250 0.000000 -1.338542 106.826844 0.000000 -15.922799 -0.166551 
900 1.777344 0.000000 -0.335938 0.824328 0.000000 -0.193934 0.999928 
901 1.992188 0.000000 -0.335938 113.110350 0.000000 -10.569617 -0.290567 
902 1.777344 0.000000 -0.135417 0.900934 0.000000 0.174915 0.999916 
903 5.859375 0.000000 3.072917 94.402535 0.000000 -21.188421 0.063921 
904 5.000000 0.000000 3.072917 94.003370 0.000000 -21.432423 0.070402 
905 5.859375 0.000000 3.875000 95.047066 0.000000 -22.563709 0.045693 
906 3.710938 0.000000 1.067708 91.067564 0.000000 -11.053713 0.158451 
907 3.710938 0.000000 1.468750 91.439392 0.000000 -15.736117 0.139121 
908 3.710938 0.000000 -1.338542 104.989379 0.000000 -13.663192 -0.120945 
909 3.710938 0.000000 -1.739583 104.007380 0.000000 -17.182015 -0.111276 
910 4.785156 0.000000 0.466146 99.198369 0.000000 -3.788103 0.014533 
911 4.785156 0.000000 0.265625 99.166361 0.000000 -2.474083 0.015991 
912 4.785156 0.000000 0.666667 99.152349 0.000000 -1.466294 0.016666 
913 6.289062 0.000000 1.067708 97.159694 0.000000 -18.062846 0.023373 
914 6.289062 0.000000 1.468750 95.969312 0.000000 -18.807956 0.043615 
915 4.785156 0.000000 -0.736979 98.542229 0.000000 -1.857833 0.028598 
916 4.785156 0.000000 -0.937500 98.701794 0.000000 -2.484027 0.025179 
917 4.785156 0.000000 -0.536458 99.152865 0.000000 -4.468757 0.014874 
918 6.289062 0.000000 -1.338542 98.357441 0.000000 -12.031373 0.018106 
919 6.289062 0.000000 -1.739583 99.249676 0.000000 -14.515452 -0.006120 
920 6.718750 0.000000 -1.338542 99.002512 0.000000 -12.076898 0.005265 
921 13.593750 0.000000 -4.145833 98.465591 0.000000 -18.627991 -0.004247 
922 13.593750 0.000000 -5.750000 97.977387 0.000000 -21.155700 -0.004713 
923 15.312500 0.000000 -4.145833 98.663214 0.000000 -17.986407 -0.005794 
924 13.593750 0.000000 5.479167 96.407917 0.000000 -23.877357 0.013539 
925 15.312500 0.000000 5.479167 96.533409 0.000000 -24.087241 0.010111 
926 13.593750 0.000000 7.083333 96.279669 0.000000 -24.705254 0.011988 
927 8.007812 0.000000 1.067708 99.963967 0.000000 -17.986209 -0.031630 
928 7.148438 0.000000 1.869792 93.974904 0.000000 -18.513712 0.082596 
929 6.718750 0.000000 1.869792 94.570169 0.000000 -19.296950 0.068411 
930 7.148438 0.000000 2.270833 94.206956 0.000000 -19.459986 0.074636 
931 6.933594 0.000000 0.065104 2.356358 0.000000 -0.877772 0.999368 
932 6.718750 0.000000 0.065104 1.258679 0.000000 -0.208419 0.999837 
933 7.148438 0.000000 0.065104 5.481200 0.000000 -2.079564 0.996563 
934 7.148438 0.000000 -1.338542 99.692212 0.000000 -11.808933 -0.007799 
935 7.148438 0.000000 -1.739583 99.431542 0.000000 -14.113193 -0.008581 
936 7.578125 0.000000 -1.338542 99.919609 0.000000 -11.380910 -0.011345 
937 7.363281 0.000000 -0.335938 103.087829 0.000000 7.058929 -0.067693 
938 7.363281 0.000000 -0.536458 102.458669 0.000000 9.425418 -0.058662 
939 7.363281 0.000000 -0.135417 9.665533 0.000000 -0.925483 0.990572 
940 8.652344 0.000000 -0.335938 97.693126 0.000000 12.354688 0.030341 
941 8.437500 0.000000 -0.335938 101.720340 0.000000 12.316725 -0.049873 
942 8.652344 0.000000 -0.536458 95.642153 0.000000 1.088707 0.085139 
943 8.652344 0.000000 0.466146 100.143681 0.000000 -14.253755 -0.023193 
944 8.437500 0.000000 0.466146 98.962529 0.000000 -14.980703 -0.001800 
945 8.652344 0.000000 0.666667 99.002567 0.000000 -16.096974 -0.006062 
946 9.404297 0.000000 -0.035156 95.093971 0.000000 -23.682595 0.039627 
947 9.296875 0.000000 -0.035156 94.206558 0.000000 -24.412126 0.052917 
948 9.404297 0.000000 -0.135417 86.021051 0.000000 -1.832540 0.259702 
949 10.585938 0.000000 1.067708 96.307554 0.000000 -14.791490 0.050607 
950 11.015625 0.000000 1.067708 97.021668 0.000000 -15.228396 0.035489 
951 10.585938 0.000000 1.468750 96.352310 0.000000 -16.602455 0.044059 
952 10.585938 0.000000 1.869792 96.377682 0.000000 -18.107678 0.038345 
953 11.015625 0.000000 1.869792 96.795499 0.000000 -18.196648 0.029951 
954 10.585938 0.000000 2.270833 96.478774 0.000000 -19.297124 0.031947 
955 10.371094 0.000000 0.466146 95.064219 0.000000 -13.970977 0.076761 
956 10.585938 0.000000 0.466146 96.007804 0.000000 -13.269196 0.060643 
957 10.371094 0.000000 0.666667 95.624279 0.000000 -13.683757 0.066875 
958 9.780273 0.000000 0.014974 100.375454 0.000000 -22.960619 -0.060242 
959 9.726562 0.000000 0.014974 99.917938 0.000000 -23.138587 -0.051899 
960 9.780273 0.000000 -0.035156 98.325427 0.000000 -18.361118 -0.000502 
961 10.263672 0.000000 0.165365 89.868472 0.000000 -27.105278 0.118896 
962 10.371094 0.000000 0.165365 91.446598 0.000000 -23.345755 0.109250 
963 10.263672 0.000000 0.265625 92.464368 0.000000 -19.046582 0.108757 
964 10.048828 0.000000 0.365885 91.862856 0.000000 -18.064475 0.123489 
965 10.156250 0.000000 0.365885 92.953502 0.000000 -16.995817 0.107079 
966 10.048828 0.000000 0.466146 93.046623 0.000000 -15.659398 0.109711 
967 9.887695 0.000000 0.115234 107.252457 0.000000 -34.897170 -0.272090 
968 9.887695 0.000000 0.165365 109.959536 0.000000 -28.290379 -0.289145 
969 9.887695 0.000000 0.215495 84.379255 0.000000 -34.180470 0.171184 
970 9.941406 0.000000 0.215495 86.032076 0.000000 -32.565329 0.153798 
971 9.887695 0.000000 0.265625 86.427134 0.000000 -27.619883 0.176749 
972 8.007812 0.000000 2.671875 95.243829 0.000000 -19.976210 0.052956 
973 7.578125 0.000000 2.671875 94.929873 0.000000 -20.271199 0.057740 
974 8.007812 0.000000 3.072917 95.530906 0.000000 -21.094515 0.042887 
975 8.652344 0.000000 2.471354 96.203875 0.000000 -19.974292 0.034584 
976 8.437500 0.000000 2.471354 96.066038 0.000000 -19.476668 0.039198 
977 8.652344 0.000000 2.671875 95.984451 0.000000 -20.371873 0.037197 
978 10.585938 0.000000 2.671875 96.304435 0.000000 -20.080939 0.032221 
979 11.015625 0.000000 2.671875 96.572096 0.000000 -20.264769 0.026317 
980 10.585938 0.000000 3.072917 96.335358 0.000000 -21.013469 0.027793 
981 9.511719 0.000000 2.471354 95.954652 0.000000 -20.007199 0.039242 
982 9.726562 0.000000 2.471354 95.998175 0.000000 -19.851641 0.039026 
983 9.511719 0.000000 2.671875 95.883968 0.000000 -20.274606 0.039520 
984 9.135742 0.000000 2.120443 95.607766 0.000000 -21.000476 0.041814 
985 9.189453 0.000000 2.120443 95.341487 0.000000 -20.776866 0.047832 
986 9.135742 0.000000 2.170573 95.742678 0.000000 -20.719219 0.040405 
987 9.108887 0.000000 2.045247 95.765711 0.000000 -22.336740 0.033000 
988 9.135742 0.000000 2.045247 95.167040 0.000000 -22.406534 0.044118 
989 9.108887 0.000000 2.070312 95.668953 0.000000 -21.711468 0.037606 
990 9.189453 0.000000 -0.035156 93.032100 0.000000 -18.839942 0.099008 
991 9.082031 0.000000 -0.035156 90.598356 0.000000 -10.273245 0.168640 
992 9.189453 0.000000 -0.135417 85.822258 0.000000 -5.785545 0.260107 
993 8.974609 0.000000 0.365885 94.321567 0.000000 -22.309046 0.060575 
994 8.867188 0.000000 0.365885 99.412970 0.000000 -19.054420 -0.024601 
995 8.974609 0.000000 0.466146 95.943582 0.000000 -22.372489 0.029430 
996 9.243164 0.000000 0.315755 101.044211 0.000000 -22.684018 -0.072450 
997 9.189453 0.000000 0.315755 100.595681 0.000000 -22.777797 -0.063832 
998 9.243164 0.000000 0.365885 97.231418 0.000000 -21.910158 0.006600 
999 9.350586 0.000000 0.215495 110.121058 0.000000 -27.182691 -0.286555 
1000 9.350586 0.000000 0.165365 109.716246 0.000000 -28.456047 -0.284740 
1001 9.404297 0.000000 0.215495 110.632011 0.000000 -29.183880 -0.309114 
1002 9.672852 0.000000 0.215495 110.587951 0.000000 -27.374894 -0.297908 
1003 9.619141 0.000000 0.215495 111.404368 0.000000 -27.941591 -0.319167 
1004 9.672852 0.000000 0.265625 82.661780 0.000000 -34.466116 0.197912 
1005 9.565430 0.000000 0.215495 111.637002 0.000000 -28.892225 -0.329758 
1006 9.511719 0.000000 0.215495 112.557798 0.000000 -29.846247 -0.356006 
1007 9.565430 0.000000 0.265625 113.209955 0.000000 -27.443219 -0.356962 
1008 9.672852 0.000000 0.014974 99.448388 0.000000 -24.790179 -0.050453 
1009 9.619141 0.000000 0.014974 99.238189 0.000000 -24.755985 -0.046108 
1010 9.672852 0.000000 -0.035156 93.976150 0.000000 -15.337460 0.093325 
1011 9.565430 0.000000 0.014974 99.221759 0.000000 -24.783151 -0.045916 
1012 9.511719 0.000000 0.014974 100.071042 0.000000 -25.953288 -0.068779 
1013 9.565430 0.000000 -0.035156 97.260583 0.000000 -22.080148 0.005285 
1014 10.102539 0.000000 0.115234 86.004599 0.000000 -37.938990 0.116384 
1015 10.156250 0.000000 0.115234 86.026793 0.000000 -38.968593 0.108084 
1016 10.102539 0.000000 0.165365 87.105166 0.000000 -32.775523 0.133846 
1017 9.995117 0.000000 0.215495 86.793887 0.000000 -30.626538 0.152884 
1018 10.048828 0.000000 0.215495 87.818200 0.000000 -28.368396 0.148320 
1019 9.995117 0.000000 0.265625 88.680540 0.000000 -24.843386 0.151857 
1020 4.140625 0.000000 3.072917 93.585258 0.000000 -21.809573 0.076614 
1021 3.281250 0.000000 3.072917 93.267126 0.000000 -22.708116 0.078558 
1022 4.140625 0.000000 3.875000 94.186553 0.000000 -23.179376 0.059161 
1023 2.421875 0.000000 3.072917 93.106579 0.000000 -23.789941 0.076520 
1024 1.562500 0.000000 3.072917 93.336459 0.000000 -24.751417 0.067567 
1025 2.421875 0.000000 3.875000 94.005528 0.000000 -24.518681 0.056179 
1026 0.058594 0.000000 -0.736979 96.241793 0.000000 -35.654795 -0.053375 
1027 -0.156250 0.000000 -0.736979 95.028063 0.000000 -34.135711 -0.019558 
1028 0.058594 0.000000 -0.937500 97.214541 0.000000 -33.640552 -0.058235 
1029 1.347656 0.000000 0.065104 0.150263 0.000000 -0.184869 0.999994 
1030 1.562500 0.000000 0.065104 0.525217 0.000000 -0.053692 0.999972 
1031 1.777344 0.000000 0.065104 1.027823 0.000000 0.285883 0.999886 
1032 1.992188 0.000000 0.065104 1.927386 0.000000 0.637681 0.999588 
1033 2.207031 0.000000 0.065104 3.559339 0.000000 1.049276 0.998623 
1034 2.207031 0.000000 -0.135417 3.346318 0.000000 0.489260 0.998856 
1035 2.421875 0.000000 0.065104 5.663035 0.000000 1.397880 0.996598 
1036 2.207031 0.000000 -0.335938 114.071707 0.000000 -8.473971 -0.308416 
1037 2.421875 0.000000 -0.335938 5.053133 0.000000 0.343118 0.997435 
1038 6.289062 0.000000 1.869792 95.193550 0.000000 -19.295255 0.056588 
1039 5.859375 0.000000 1.869792 95.504246 0.000000 -18.965531 0.051925 
1040 6.289062 0.000000 2.270833 94.891489 0.000000 -19.859876 0.060119 
1041 5.429688 0.000000 1.869792 95.352320 0.000000 -18.392129 0.056966 
1042 5.000000 0.000000 1.869792 94.735206 0.000000 -17.822298 0.070761 
1043 5.429688 0.000000 2.270833 94.280309 0.000000 -19.573703 0.072809 
1044 7.363281 0.000000 0.065104 10.102724 0.000000 -2.330049 0.989251 
1045 7.578125 0.000000 0.065104 14.593674 0.000000 -1.535361 0.978467 
1046 7.363281 0.000000 0.265625 94.133579 0.000000 -16.801832 0.085657 
1047 7.363281 0.000000 0.466146 92.968994 0.000000 -12.347953 0.120429 
1048 7.578125 0.000000 0.466146 91.147169 0.000000 -15.296791 0.145820 
1049 7.363281 0.000000 0.666667 67.840577 0.000000 -0.028393 0.539766 
1050 8.007812 0.000000 -1.338542 99.663407 0.000000 -10.520449 -0.004347 
1051 8.007812 0.000000 -1.739583 99.312163 0.000000 -13.049530 -0.003320 
1052 8.437500 0.000000 -1.338542 99.098516 0.000000 -10.119852 0.007707 
1053 8.222656 0.000000 -0.335938 103.692590 0.000000 12.278734 -0.090292 
1054 8.222656 0.000000 -0.536458 104.242301 0.000000 12.579650 -0.102470 
1055 8.222656 0.000000 -0.135417 103.932501 0.000000 10.809175 -0.091880 
1056 7.792969 0.000000 0.065104 18.101056 0.000000 -1.355314 0.967051 
1057 8.007812 0.000000 0.065104 20.022504 0.000000 -0.929389 0.959824 
1058 7.792969 0.000000 0.265625 92.251323 0.000000 -15.655682 0.124459 
1059 8.222656 0.000000 0.065104 95.332599 0.000000 -13.089902 0.074035 
1060 8.222656 0.000000 0.265625 96.512500 0.000000 -13.820865 0.049432 
1061 8.222656 0.000000 0.466146 96.785959 0.000000 -15.226942 0.040062 
1062 8.007812 0.000000 0.466146 97.844805 0.000000 -18.243403 0.009357 
1063 8.222656 0.000000 0.666667 97.997957 0.000000 -16.204175 0.013383 
1064 7.792969 0.000000 0.466146 97.557849 0.000000 -17.041725 0.019205 
1065 7.792969 0.000000 0.666667 97.616753 0.000000 -18.369501 0.013353 
1066 8.867188 0.000000 -1.338542 98.462316 0.000000 -10.149149 0.020217 
1067 8.867188 0.000000 -1.739583 98.979195 0.000000 -12.318817 0.005137 
1068 9.296875 0.000000 -1.338542 97.999245 0.000000 -10.648570 0.028276 
1069 7.148438 0.000000 2.671875 94.789630 0.000000 -20.397681 0.059886 
1070 6.718750 0.000000 2.671875 94.547267 0.000000 -20.362451 0.064618 
1071 7.148438 0.000000 3.072917 94.785705 0.000000 -21.254764 0.056391 
1072 8.974609 0.000000 -0.035156 93.469246 0.000000 -13.877310 0.107092 
1073 8.867188 0.000000 -0.035156 91.082739 0.000000 -0.503020 0.170368 
1074 8.974609 0.000000 -0.135417 88.472094 0.000000 3.796723 0.215827 
1075 9.135742 0.000000 0.315755 97.579002 0.000000 -20.690497 0.005024 
1076 9.082031 0.000000 0.315755 95.180997 0.000000 -20.612922 0.051569 
1077 9.135742 0.000000 0.365885 93.789712 0.000000 -21.481987 0.074201 
1078 9.458008 0.000000 0.215495 111.350442 0.000000 -28.192036 -0.319371 
1079 9.458008 0.000000 0.165365 110.424351 0.000000 -31.116996 -0.316180 
1080 9.458008 0.000000 0.265625 111.471934 0.000000 -25.438748 -0.307312 
1081 10.102539 0.000000 0.215495 88.793342 0.000000 -26.368831 0.142043 
1082 10.156250 0.000000 0.215495 89.735313 0.000000 -24.714260 0.133678 
1083 10.102539 0.000000 0.265625 90.276662 0.000000 -21.889746 0.137096 
1084 9.458008 0.000000 0.315755 113.736219 0.000000 -24.829514 -0.355243 
1085 9.511719 0.000000 0.315755 113.736276 0.000000 -24.829218 -0.355243 
1086 9.458008 0.000000 0.365885 91.918543 0.000000 -30.575359 0.061613 
1087 9.565430 0.000000 0.315755 114.023168 0.000000 -23.336211 -0.354586 
1088 9.619141 0.000000 0.315755 87.095633 0.000000 -32.195479 0.137780 
1089 9.565430 0.000000 0.365885 89.627344 0.000000 -29.223383 0.111293 
1090 9.672852 0.000000 0.315755 86.670224 0.000000 -30.171346 0.157796 
1091 9.726562 0.000000 0.315755 86.834768 0.000000 -28.539327 0.164523 
1092 9.672852 0.000000 0.365885 88.456274 0.000000 -26.077957 0.149543 
1093 9.780273 0.000000 0.315755 86.344952 0.000000 -25.589635 0.188972 
1094 9.833984 0.000000 0.315755 87.170042 0.000000 -24.137874 0.181875 
1095 9.780273 0.000000 0.365885 88.805615 0.000000 -23.122587 0.157891 
1096 9.887695 0.000000 0.315755 87.992093 0.000000 -22.862062 0.173472 
1097 9.941406 0.000000 0.315755 88.939667 0.000000 -21.855439 0.161208 
1098 9.887695 0.000000 0.365885 89.341836 0.000000 -19.988987 0.161848 
1099 6.289062 0.000000 2.671875 94.432029 0.000000 -20.473432 0.066343 
1100 5.859375 0.000000 2.671875 94.321124 0.000000 -20.607737 0.067885 
1101 6.289062 0.000000 3.072917 94.480137 0.000000 -21.250348 0.062193 
1102 10.263672 0.000000 0.365885 93.757272 0.000000 -15.855680 0.095817 
1103 10.371094 0.000000 0.365885 94.503010 0.000000 -15.025766 0.084341 
1104 10.263672 0.000000 0.466146 94.498003 0.000000 -14.525079 0.085915 
1105 9.995117 0.000000 0.315755 89.692618 0.000000 -20.681606 0.152751 
1106 10.048828 0.000000 0.315755 90.704143 0.000000 -20.071881 0.136988 
1107 9.995117 0.000000 0.365885 91.285787 0.000000 -18.686034 0.131774 
1108 10.102539 0.000000 0.315755 91.734201 0.000000 -19.537497 0.120312 
1109 10.156250 0.000000 0.315755 92.244774 0.000000 -18.632167 0.114374 
1110 10.102539 0.000000 0.365885 92.534582 0.000000 -17.676231 0.112490 
1111 0.703125 0.000000 3.072917 93.715491 0.000000 -25.427693 0.057084 
1112 -0.156250 0.000000 3.072917 94.098856 0.000000 -26.073682 0.046557 
1113 0.703125 0.000000 3.875000 94.281551 0.000000 -25.781818 0.044629 
1114 -1.015625 0.000000 3.072917 94.578616 0.000000 -26.587970 0.034797 
1115 -1.875000 0.000000 3.072917 94.907394 0.000000 -27.018256 0.026260 
1116 -1.015625 0.000000 3.875000 94.800903 0.000000 -26.621740 0.030407 
1117 4.570312 0.000000 1.869792 93.414824 0.000000 -17.650327 0.096214 
1118 4.140625 0.000000 1.869792 92.699012 0.000000 -17.943910 0.108491 
1119 4.570312 0.000000 2.270833 93.361182 0.000000 -19.316932 0.091055 
1120 3.710938 0.000000 1.869792 91.986392 0.000000 -18.412718 0.119948 
1121 3.281250 0.000000 1.869792 91.425022 0.000000 -19.150856 0.127471 
1122 3.710938 0.000000 2.270833 92.489387 0.000000 -20.094439 0.104193 
1123 9.726562 0.000000 -1.338542 97.857460 0.000000 -11.450309 0.029281 
1124 9.726562 0.000000 -1.739583 98.459351 0.000000 -12.776045 0.014253 
1125 10.156250 0.000000 -1.338542 98.024298 0.000000 -11.878593 0.025014 
1126 10.585938 0.000000 -1.338542 98.050682 0.000000 -12.467015 0.023064 
1127 10.585938 0.000000 -1.739583 98.305981 0.000000 -13.594604 0.015112 
1128 11.015625 0.000000 -1.338542 98.101869 0.000000 -13.052903 0.020564 
1129 9.458008 0.000000 0.115234 109.882623 0.000000 -31.692895 -0.307863 
1130 9.404297 0.000000 0.115234 109.386184 0.000000 -31.390203 -0.295068 
1131 9.458008 0.000000 0.065104 104.141157 0.000000 -27.930055 -0.162547 
1132 5.429688 0.000000 2.671875 94.177335 0.000000 -20.541615 0.070867 
1133 5.000000 0.000000 2.671875 93.987904 0.000000 -20.492750 0.074632 
1134 5.429688 0.000000 3.072917 94.374759 0.000000 -21.204948 0.064376 
1135 9.458008 0.000000 0.014974 100.054449 0.000000 -25.937310 -0.068364 
1136 9.404297 0.000000 0.014974 98.353541 0.000000 -26.295926 -0.036489 
1137 9.458008 0.000000 -0.035156 95.161954 0.000000 -18.057102 0.061814 
1138 4.570312 0.000000 2.671875 93.658637 0.000000 -20.504829 0.080761 
1139 4.140625 0.000000 2.671875 93.297563 0.000000 -20.827645 0.086177 
1140 4.570312 0.000000 3.072917 93.909321 0.000000 -21.524636 0.071773 
1 11 62 60 61 
2 62 10 24 60 
3 60 24 14 63 
4 61 60 63 6 
5 24 66 64 65 
6 66 23 40 64 
7 64 40 27 67 
8 65 64 67 14 
9 40 70 68 69 
10 69 68 71 27 
11 6 63 92 93 
12 63 14 36 92 
13 92 36 19 94 
14 93 92 94 20 
15 14 67 95 96 
16 67 27 52 95 
17 95 52 35 97 
18 96 95 97 36 
19 27 71 98 99 
20 99 98 100 52 
21 68 112 110 111 
22 112 56 80 110 
23 110 80 43 113 
24 111 110 113 71 
25 80 116 114 115 
26 115 114 117 43 
27 124 126 103 127 
28 125 124 127 101 
29 71 113 133 134 
30 113 43 102 133 
31 133 102 76 135 
32 134 133 135 98 
33 43 117 136 137 
34 136 125 101 138 
35 137 136 138 102 
36 114 141 139 140 
37 141 106 129 139 
38 139 129 83 142 
39 140 139 142 117 
40 12 145 143 144 
41 145 7 146 143 
42 143 146 13 25 
43 144 143 25 10 
44 25 149 147 148 
45 149 13 150 147 
46 147 150 26 41 
47 148 147 41 23 
48 41 153 151 152 
49 153 26 154 151 
50 151 154 42 57 
51 152 151 57 39 
52 39 157 155 156 
53 157 57 158 155 
54 155 158 55 81 
55 156 155 81 56 
56 81 161 159 160 
57 161 55 162 159 
58 106 169 167 168 
59 169 130 170 167 
60 168 167 171 129 
61 130 181 180 170 
62 181 105 182 180 
63 180 182 131 183 
64 170 180 183 128 
65 83 132 184 185 
66 132 109 186 184 
67 184 186 124 187 
68 185 184 187 125 
69 129 171 188 189 
70 171 128 190 188 
71 188 190 132 191 
72 189 188 191 83 
73 167 194 192 193 
74 194 170 195 192 
75 192 195 128 196 
76 193 192 196 171 
77 163 202 200 201 
78 202 166 203 200 
79 200 203 105 181 
80 56 206 204 205 
81 206 81 160 204 
82 205 204 116 80 
83 116 209 207 208 
84 209 79 164 207 
85 207 164 106 141 
86 208 207 141 114 
87 164 212 210 211 
88 212 163 201 210 
89 210 201 130 169 
90 211 210 169 106 
91 201 215 213 214 
92 215 200 216 213 
93 213 216 181 217 
94 214 213 217 130 
95 128 183 218 190 
96 183 131 219 218 
97 218 219 109 220 
98 190 218 220 132 
99 221 222 121 223 
100 126 221 223 103 
101 109 179 224 186 
102 179 59 225 224 
103 224 225 126 226 
104 186 224 226 124 
105 131 228 227 219 
106 228 176 229 227 
107 227 229 179 230 
108 219 227 230 109 
109 232 197 233 231 
110 231 233 177 234 
111 203 231 234 105 
112 57 236 235 158 
113 236 42 237 235 
114 235 237 58 89 
115 158 235 89 55 
116 55 239 238 162 
117 239 89 240 238 
118 159 243 241 242 
119 243 162 244 241 
120 241 244 82 198 
121 242 241 198 107 
122 107 247 245 246 
123 247 198 248 245 
124 245 248 197 232 
125 246 245 232 166 
126 166 251 249 250 
127 251 232 252 249 
128 249 252 231 253 
129 250 249 253 203 
130 59 257 258 225 
131 257 175 259 258 
132 258 259 221 260 
133 225 258 260 126 
134 178 263 261 262 
135 263 254 264 261 
136 261 264 257 265 
137 262 261 265 59 
138 162 270 269 244 
139 270 238 271 269 
140 269 271 173 267 
141 244 269 267 82 
142 82 274 272 273 
143 274 267 275 272 
144 272 275 266 276 
145 273 272 276 199 
146 172 286 285 256 
147 286 174 287 285 
148 285 287 91 288 
149 256 285 288 175 
150 254 290 289 264 
151 290 256 291 289 
152 289 291 175 292 
153 264 289 292 257 
154 173 294 293 268 
155 294 88 295 293 
156 293 295 174 286 
157 268 293 286 172 
158 267 297 296 275 
159 297 173 298 296 
160 296 298 268 299 
161 275 296 299 266 
162 174 307 306 287 
163 307 281 308 306 
164 306 308 284 309 
165 287 306 309 91 
166 89 311 310 240 
167 311 58 312 310 
168 88 314 313 295 
169 314 282 315 313 
170 313 315 281 307 
171 295 313 307 174 
172 281 321 320 308 
173 321 283 322 320 
174 284 323 327 328 
175 323 5 329 327 
176 327 329 304 330 
177 328 327 330 303 
178 308 333 331 332 
179 333 320 334 331 
180 331 334 323 335 
181 332 331 335 284 
182 336 338 283 321 
183 315 336 321 281 
184 7 340 339 146 
185 340 16 341 339 
186 339 341 15 32 
187 146 339 32 13 
188 13 343 342 150 
189 343 32 344 342 
190 342 344 31 48 
191 150 342 48 26 
192 26 346 345 154 
193 346 48 347 345 
194 345 347 47 85 
195 154 345 85 42 
196 42 349 348 237 
197 349 85 350 348 
198 348 350 84 278 
199 237 348 278 58 
200 58 352 351 312 
201 352 278 353 351 
202 310 356 354 355 
203 356 312 357 354 
204 354 357 90 337 
205 355 354 337 282 
206 282 360 358 359 
207 360 337 361 358 
208 358 361 336 362 
209 359 358 362 315 
210 283 364 363 322 
211 364 316 365 363 
212 5 366 367 329 
213 366 319 368 367 
214 367 368 324 369 
215 329 367 369 304 
216 322 372 370 371 
217 372 363 373 370 
218 370 373 366 374 
219 371 370 374 5 
220 375 377 316 364 
221 338 375 364 283 
222 312 379 378 357 
223 379 351 380 378 
224 378 380 317 376 
225 357 378 376 90 
226 90 383 381 382 
227 383 376 384 381 
228 381 384 375 385 
229 382 381 385 338 
230 15 387 386 33 
231 387 17 388 386 
232 386 388 8 389 
233 33 386 389 18 
234 31 391 390 49 
235 391 33 392 390 
236 390 392 18 393 
237 49 390 393 34 
238 395 49 396 394 
239 394 396 34 397 
240 316 407 406 365 
241 407 318 408 406 
242 406 408 280 409 
243 365 406 409 319 
244 363 411 410 373 
245 411 365 412 410 
246 410 412 319 413 
247 373 410 413 366 
248 317 415 414 377 
249 415 277 416 414 
250 414 416 318 407 
251 377 414 407 316 
252 376 418 417 384 
253 418 317 419 417 
254 417 419 377 420 
255 384 417 420 375 
256 18 389 421 45 
257 389 8 422 421 
258 421 422 29 423 
259 45 421 423 28 
260 34 393 424 73 
261 393 18 425 424 
262 424 425 45 426 
263 73 424 426 44 
264 397 34 428 427 
265 427 428 73 429 
266 280 439 440 441 
267 439 405 442 440 
268 440 442 433 443 
269 441 440 443 325 
270 408 446 444 445 
271 446 436 447 444 
272 444 447 439 448 
273 445 444 448 280 
274 278 450 449 353 
275 450 84 451 449 
276 277 453 452 416 
277 453 403 454 452 
278 416 457 455 456 
279 457 452 458 455 
280 455 458 437 459 
281 456 455 459 318 
282 403 465 464 454 
283 465 279 466 464 
284 454 473 471 472 
285 473 464 474 471 
286 471 474 467 475 
287 472 471 475 402 
288 85 477 476 350 
289 477 47 478 476 
290 476 478 86 399 
291 350 476 399 84 
292 84 480 479 451 
293 480 399 481 479 
294 279 483 482 466 
295 483 461 484 482 
296 86 487 486 400 
297 487 394 488 486 
298 486 488 397 489 
299 400 486 489 50 
300 491 400 492 490 
301 490 492 50 493 
302 461 495 494 484 
303 495 398 496 494 
304 482 506 504 505 
305 506 484 507 504 
306 504 507 460 508 
307 505 504 508 485 
308 50 489 517 431 
309 489 397 518 517 
310 517 518 427 519 
311 431 517 519 119 
312 493 50 521 520 
313 520 521 431 522 
314 524 490 525 523 
315 523 525 493 526 
316 399 532 531 481 
317 532 86 533 531 
318 531 533 400 491 
319 398 535 534 496 
320 535 491 536 534 
321 534 536 490 524 
322 494 539 537 538 
323 539 496 540 537 
324 537 540 462 528 
325 538 537 528 497 
326 497 543 541 542 
327 543 528 544 541 
328 547 524 548 546 
329 546 548 523 549 
330 528 551 550 544 
331 551 462 552 550 
332 463 511 554 555 
333 511 401 556 554 
334 554 556 499 557 
335 555 554 557 498 
336 558 560 401 561 
337 559 558 561 511 
338 541 568 566 567 
339 568 544 569 566 
340 566 569 527 570 
341 567 566 570 545 
342 21 46 571 572 
343 46 28 573 571 
344 571 573 30 574 
345 572 571 574 9 
346 37 74 575 576 
347 74 44 577 575 
348 575 577 46 578 
349 576 575 578 21 
350 53 120 579 580 
351 120 72 581 579 
352 579 581 74 582 
353 580 579 582 37 
354 118 432 583 584 
355 432 119 585 583 
356 583 585 72 586 
357 584 583 586 120 
358 587 589 432 590 
359 588 587 590 118 
360 557 499 597 596 
361 596 597 430 598 
362 77 302 599 600 
363 302 118 584 599 
364 599 584 120 601 
365 600 599 601 53 
366 602 588 118 604 
367 603 602 604 302 
368 605 607 587 608 
369 606 605 608 588 
370 87 503 614 615 
371 503 463 555 614 
372 614 555 498 593 
373 615 614 593 434 
374 593 618 616 617 
375 618 498 619 616 
376 522 431 621 620 
377 620 621 119 622 
378 589 620 622 432 
379 598 430 624 623 
380 623 624 589 625 
381 607 623 625 587 
382 594 627 626 612 
383 627 596 628 626 
384 626 628 598 629 
385 612 626 629 500 
386 632 594 633 630 
387 630 633 612 634 
388 433 637 635 636 
389 637 434 592 635 
390 635 592 301 638 
391 636 635 638 435 
392 592 641 639 640 
393 641 591 610 639 
394 639 610 595 642 
395 640 639 642 301 
396 591 645 643 644 
397 644 643 646 610 
398 595 613 647 648 
399 613 500 649 647 
400 647 649 607 650 
401 648 647 650 605 
402 634 612 653 651 
403 651 653 500 654 
404 652 651 654 613 
405 657 630 658 655 
406 655 658 634 659 
407 610 646 660 661 
408 660 652 613 662 
409 661 660 662 595 
410 643 665 663 664 
411 664 663 666 646 
412 434 669 667 668 
413 669 593 617 667 
414 667 617 591 641 
415 668 667 641 592 
416 617 672 670 671 
417 672 616 673 670 
418 670 673 611 645 
419 671 670 645 591 
420 645 676 674 675 
421 676 611 677 674 
422 674 677 631 665 
423 675 674 665 643 
424 665 680 678 679 
425 680 631 681 678 
426 679 678 682 663 
427 498 684 683 619 
428 684 557 685 683 
429 683 685 596 627 
430 619 683 627 594 
431 616 687 686 673 
432 687 619 688 686 
433 686 688 594 632 
434 673 686 632 611 
435 611 690 689 677 
436 690 632 691 689 
437 689 691 630 657 
438 677 689 657 631 
439 631 693 692 681 
440 693 657 694 692 
441 692 694 655 695 
442 681 692 695 656 
443 646 666 696 697 
444 666 609 698 696 
445 696 698 652 699 
446 697 696 699 660 
447 663 682 700 701 
448 682 656 702 700 
449 700 702 609 703 
450 701 700 703 666 
451 678 706 704 705 
452 706 681 707 704 
453 704 707 656 708 
454 705 704 708 682 
455 712 714 463 715 
456 713 712 715 503 
457 709 718 716 717 
458 718 513 719 716 
459 404 723 721 722 
460 723 485 710 721 
461 721 710 501 724 
462 722 721 724 469 
463 710 727 725 726 
464 727 709 717 725 
465 725 717 711 728 
466 726 725 728 501 
467 729 559 511 730 
468 714 729 730 463 
469 731 733 714 734 
470 732 731 734 712 
471 717 737 735 736 
472 737 716 738 735 
473 735 738 720 739 
474 736 735 739 711 
475 513 741 740 719 
476 716 745 744 738 
477 745 719 746 744 
478 744 746 502 747 
479 738 744 747 720 
480 484 752 751 507 
481 752 494 538 751 
482 751 538 497 514 
483 507 751 514 460 
484 514 755 753 754 
485 755 497 542 753 
486 512 758 756 757 
487 758 749 759 756 
488 756 759 748 760 
489 757 756 760 742 
490 749 762 761 759 
491 762 515 763 761 
492 761 763 563 764 
493 759 761 764 748 
494 515 766 765 763 
495 766 545 767 765 
496 765 767 562 768 
497 763 765 768 563 
498 544 773 772 569 
499 773 550 774 772 
500 569 772 775 527 
501 496 777 776 540 
502 777 534 778 776 
503 776 778 524 547 
504 540 776 547 462 
505 462 780 779 552 
506 780 547 781 779 
507 779 781 546 782 
508 552 779 782 529 
509 550 784 783 774 
510 784 552 785 783 
511 783 785 529 786 
512 774 783 786 553 
513 527 775 787 788 
514 775 553 789 787 
515 787 789 769 790 
516 788 787 790 564 
517 772 793 791 792 
518 793 774 794 791 
519 791 794 553 795 
520 792 791 795 775 
521 796 797 729 798 
522 733 796 798 714 
523 502 801 799 800 
524 801 743 802 799 
525 799 802 796 803 
526 800 799 803 733 
527 804 805 559 806 
528 797 804 806 729 
529 807 808 558 809 
530 805 807 809 559 
531 563 768 810 811 
532 768 562 812 810 
533 810 812 565 813 
534 811 810 813 509 
535 1 816 814 815 
536 816 12 144 814 
537 814 144 10 62 
538 815 814 62 11 
539 16 818 817 341 
540 818 2 819 817 
541 817 819 17 387 
542 341 817 387 15 
543 19 38 820 821 
544 38 21 572 820 
545 820 572 9 822 
546 821 820 822 22 
547 20 94 823 824 
548 94 19 821 823 
549 823 821 22 825 
550 824 823 825 4 
551 10 828 826 827 
552 828 25 148 826 
553 826 148 23 66 
554 827 826 66 24 
555 28 423 829 573 
556 423 29 830 829 
557 829 830 3 831 
558 573 829 831 30 
559 32 833 832 344 
560 833 15 834 832 
561 832 834 33 391 
562 344 832 391 31 
563 35 54 835 836 
564 54 37 576 835 
565 835 576 21 837 
566 836 835 837 38 
567 36 97 838 839 
568 97 35 836 838 
569 838 836 38 840 
570 839 838 840 19 
571 23 843 841 842 
572 843 41 152 841 
573 841 152 39 70 
574 842 841 70 40 
575 44 426 844 577 
576 426 45 845 844 
577 844 845 28 846 
578 577 844 846 46 
579 48 848 847 347 
580 848 31 849 847 
581 847 849 49 395 
582 347 847 395 47 
583 51 78 850 851 
584 78 53 580 850 
585 850 580 37 852 
586 851 850 852 54 
587 52 100 853 854 
588 100 51 851 853 
589 853 851 54 855 
590 854 853 855 35 
591 70 858 856 857 
592 858 39 156 856 
593 856 156 56 112 
594 857 856 112 68 
595 72 429 859 581 
596 429 73 860 859 
597 859 860 44 861 
598 581 859 861 74 
599 75 123 862 863 
600 123 77 600 862 
601 862 600 53 864 
602 863 862 864 78 
603 76 104 865 866 
604 104 75 863 865 
605 865 863 78 867 
606 866 865 867 51 
607 98 135 868 869 
608 135 76 866 868 
609 868 866 51 870 
610 869 868 870 100 
611 117 142 871 872 
612 142 83 185 871 
613 871 185 125 873 
614 872 871 873 136 
615 160 876 874 875 
616 876 159 242 874 
617 874 242 107 165 
618 875 874 165 79 
619 165 879 877 878 
620 879 107 246 877 
621 877 246 166 202 
622 878 877 202 163 
623 105 234 880 182 
624 234 177 881 880 
625 880 881 176 228 
626 182 880 228 131 
627 176 883 882 229 
628 883 178 262 882 
629 882 262 59 884 
630 229 882 884 179 
631 198 886 885 248 
632 886 82 273 885 
633 885 273 199 887 
634 248 885 887 197 
635 197 887 888 233 
636 887 199 889 888 
637 888 889 108 890 
638 233 888 890 177 
639 204 893 891 892 
640 893 160 875 891 
641 891 875 79 209 
642 892 891 209 116 
643 175 288 894 259 
644 288 91 895 894 
645 894 895 222 896 
646 259 894 896 221 
647 238 898 897 271 
648 898 240 899 897 
649 897 899 88 294 
650 271 897 294 173 
651 199 276 900 889 
652 276 266 901 900 
653 900 901 255 902 
654 889 900 902 108 
655 903 603 302 905 
656 904 903 905 77 
657 91 309 906 895 
658 309 284 328 906 
659 906 328 303 907 
660 895 906 907 222 
661 240 909 908 899 
662 909 310 355 908 
663 908 355 282 314 
664 899 908 314 88 
665 320 911 910 334 
666 911 322 371 910 
667 910 371 5 912 
668 334 910 912 323 
669 319 409 913 368 
670 409 280 441 913 
671 913 441 325 914 
672 368 913 914 324 
673 337 916 915 361 
674 916 90 382 915 
675 915 382 338 917 
676 361 915 917 336 
677 351 919 918 380 
678 919 353 920 918 
679 918 920 277 415 
680 380 918 415 317 
681 47 922 921 478 
682 922 395 923 921 
683 921 923 394 487 
684 478 921 487 86 
685 119 519 924 585 
686 519 427 925 924 
687 924 925 429 926 
688 585 924 926 72 
689 405 470 927 442 
690 470 87 615 927 
691 927 615 434 637 
692 442 927 637 433 
693 325 443 928 929 
694 443 433 636 928 
695 928 636 435 930 
696 929 928 930 300 
697 318 459 931 932 
698 459 437 933 931 
699 931 933 436 446 
700 932 931 446 408 
701 353 935 934 920 
702 935 449 936 934 
703 934 936 403 453 
704 920 934 453 277 
705 452 938 937 458 
706 938 454 472 937 
707 937 472 402 939 
708 458 937 939 437 
709 466 942 940 941 
710 942 482 505 940 
711 940 505 485 723 
712 941 940 723 404 
713 469 724 943 944 
714 724 501 713 943 
715 943 713 503 945 
716 944 943 945 87 
717 460 948 946 947 
718 948 514 754 946 
719 947 946 741 513 
720 401 526 949 556 
721 526 493 950 949 
722 949 950 520 951 
723 556 949 951 499 
724 499 951 952 597 
725 951 520 953 952 
726 952 953 522 954 
727 597 952 954 430 
728 549 523 956 955 
729 955 956 526 957 
730 560 955 957 401 
731 542 960 958 959 
732 960 541 567 958 
733 958 567 545 766 
734 959 958 766 515 
735 529 782 961 770 
736 782 546 962 961 
737 961 962 549 963 
738 770 961 963 510 
739 964 965 560 966 
740 808 964 966 558 
741 545 570 967 767 
742 570 527 788 967 
743 967 788 564 968 
744 767 967 968 562 
745 562 968 969 812 
746 968 564 970 969 
747 969 970 530 971 
748 812 969 971 565 
749 435 638 972 973 
750 638 301 606 972 
751 972 606 588 974 
752 973 972 974 602 
753 301 642 975 976 
754 642 595 648 975 
755 975 648 605 977 
756 976 975 977 606 
757 430 954 978 624 
758 954 522 979 978 
759 978 979 620 980 
760 624 978 980 589 
761 500 629 981 649 
762 629 598 982 981 
763 981 982 623 983 
764 649 981 983 607 
765 609 659 984 698 
766 659 634 985 984 
767 984 985 651 986 
768 698 984 986 652 
769 656 695 987 702 
770 695 655 988 987 
771 987 988 659 989 
772 702 987 989 609 
773 508 992 990 991 
774 992 460 947 990 
775 990 947 513 718 
776 991 990 718 709 
777 501 728 993 994 
778 728 711 732 993 
779 993 732 712 995 
780 994 993 995 713 
781 720 747 996 997 
782 747 502 800 996 
783 996 800 733 998 
784 997 996 998 731 
785 719 1000 999 746 
786 1000 740 1001 999 
787 999 1001 743 801 
788 746 999 801 502 
789 748 764 1002 1003 
790 764 563 811 1002 
791 1002 811 509 1004 
792 1003 1002 1004 750 
793 742 760 1005 1006 
794 760 748 1003 1005 
795 1005 1003 750 1007 
796 1006 1005 1007 516 
797 753 1010 1008 1009 
798 1010 542 959 1008 
799 1008 959 515 762 
800 1009 1008 762 749 
801 754 1013 1011 1012 
802 1013 753 1009 1011 
803 1011 1009 749 758 
804 1012 1011 758 512 
805 553 786 1014 789 
806 786 529 1015 1014 
807 1014 1015 770 1016 
808 789 1014 1016 769 
809 564 790 1017 970 
810 790 769 1018 1017 
811 1017 1018 771 1019 
812 970 1017 1019 530 
813 121 305 1020 1021 
814 1020 904 77 1022 
815 1021 1020 1022 123 
816 103 223 1023 1024 
817 223 121 1021 1023 
818 1023 1021 123 1025 
819 1024 1023 1025 75 
820 79 1028 1026 1027 
821 1028 165 878 1026 
822 1026 878 163 212 
823 1027 1026 212 164 
824 177 890 1029 881 
825 890 108 1030 1029 
826 1029 1030 178 883 
827 881 1029 883 176 
828 108 902 1031 1030 
829 902 255 1032 1031 
830 1031 1032 254 263 
831 1030 1031 263 178 
832 255 1034 1033 1032 
833 1034 172 1035 1033 
834 1033 1035 256 290 
835 1032 1033 290 254 
836 266 299 1036 901 
837 299 268 1037 1036 
838 1036 1037 172 1034 
839 901 1036 1034 255 
840 324 914 1038 1039 
841 914 325 929 1038 
842 1038 929 300 1040 
843 1039 1038 1040 326 
844 304 369 1041 1042 
845 369 324 1039 1041 
846 1041 1039 326 1043 
847 1042 1041 1043 122 
848 437 939 1044 933 
849 939 402 1045 1044 
850 1044 1045 438 1046 
851 933 1044 1046 436 
852 436 1046 1047 447 
853 1046 438 1048 1047 
854 1047 1048 405 1049 
855 447 1047 1049 439 
856 449 1051 1050 936 
857 1051 451 1052 1050 
858 1050 1052 279 465 
859 936 1050 465 403 
860 464 1054 1053 474 
861 1054 466 941 1053 
862 1053 941 404 1055 
863 474 1053 1055 467 
864 402 475 1056 1045 
865 475 467 1057 1056 
866 1056 1057 468 1058 
867 1045 1056 1058 438 
868 467 1055 1059 1057 
869 1055 404 722 1059 
870 1059 722 469 1060 
871 1057 1059 1060 468 
872 468 1060 1061 1062 
873 1060 469 944 1061 
874 1061 944 87 1063 
875 1062 1061 1063 470 
876 438 1058 1064 1048 
877 1058 468 1062 1064 
878 1064 1062 470 1065 
879 1048 1064 1065 405 
880 451 1067 1066 1052 
881 1067 479 1068 1066 
882 1066 1068 461 483 
883 1052 1066 483 279 
884 300 930 1069 1070 
885 930 435 973 1069 
886 1069 973 602 1071 
887 1070 1069 1071 603 
888 485 1074 1072 1073 
889 1074 508 991 1072 
890 1072 991 709 727 
891 1073 1072 727 710 
892 711 739 1075 1076 
893 739 720 997 1075 
894 1075 997 731 1077 
895 1076 1075 1077 732 
896 740 1079 1078 1001 
897 1079 742 1006 1078 
898 1078 1006 516 1080 
899 1001 1078 1080 743 
900 769 1016 1081 1018 
901 1016 770 1082 1081 
902 1081 1082 510 1083 
903 1018 1081 1083 771 
904 743 1080 1084 802 
905 1080 516 1085 1084 
906 1084 1085 797 1086 
907 802 1084 1086 796 
908 516 1007 1087 1085 
909 1007 750 1088 1087 
910 1087 1088 804 1089 
911 1085 1087 1089 797 
912 750 1004 1090 1088 
913 1004 509 1091 1090 
914 1090 1091 805 1092 
915 1088 1090 1092 804 
916 509 813 1093 1091 
917 813 565 1094 1093 
918 1093 1094 807 1095 
919 1091 1093 1095 805 
920 565 971 1096 1094 
921 971 530 1097 1096 
922 1096 1097 808 1098 
923 1094 1096 1098 807 
924 326 1040 1099 1100 
925 1040 300 1070 1099 
926 1099 1070 603 1101 
927 1100 1099 1101 903 
928 510 963 1102 965 
929 963 549 1103 1102 
930 1102 1103 955 1104 
931 965 1102 1104 560 
932 530 1019 1105 1097 
933 1019 771 1106 1105 
934 1105 1106 964 1107 
935 1097 1105 1107 808 
936 771 1083 1108 1106 
937 1083 510 1109 1108 
938 1108 1109 965 1110 
939 1106 1108 1110 964 
940 101 127 1111 1112 
941 127 103 1024 1111 
942 1111 1024 75 1113 
943 1112 1111 1113 104 
944 102 138 1114 1115 
945 138 101 1112 1114 
946 1114 1112 104 1116 
947 1115 1114 1116 76 
948 303 330 1117 1118 
949 330 304 1042 1117 
950 1117 1042 122 1119 
951 1118 1117 1119 305 
952 222 907 1120 1121 
953 907 303 1118 1120 
954 1120 1118 305 1122 
955 1121 1120 1122 121 
956 479 1124 1123 1068 
957 1124 481 1125 1123 
958 1123 1125 398 495 
959 1068 1123 495 461 
960 481 1127 1126 1125 
961 1127 531 1128 1126 
962 1126 1128 491 535 
963 1125 1126 535 398 
964 741 1131 1129 1130 
965 1131 512 757 1129 
966 1129 757 742 1079 
967 1130 1129 1079 740 
968 122 1043 1132 1133 
969 1043 326 1100 1132 
970 1132 1100 903 1134 
971 1133 1132 1134 904 
972 946 1137 1135 1136 
973 1137 754 1012 1135 
974 1135 1012 512 1131 
975 1136 1135 1131 741 
976 305 1119 1138 1139 
977 1119 122 1133 1138 
978 1138 1133 904 1140 
979 1139 1138 1140 1020 
