2 0.000000 100.000000 5791.461216
1124 970 
1 -50.000000 0.000000 -50.666667 99.924625 0.000000 -3.877873 0.000003 
2 60.000000 0.000000 -50.666667 99.924800 0.000000 -3.877176 0.000000 
3 60.000000 0.000000 52.000000 99.924570 0.000000 -3.877699 0.000004 
4 -50.000000 0.000000 52.000000 99.924741 0.000000 -3.877307 0.000001 
5 5.000000 0.000000 0.666667 103.169169 0.000000 -2.202272 -0.064873 
6 -50.000000 0.000000 0.666667 99.923815 0.000000 -3.877446 0.000020 
7 5.000000 0.000000 -50.666667 99.925512 0.000000 -3.877857 -0.000015 
8 60.000000 0.000000 0.666667 99.935137 0.000000 -3.586447 0.000011 
9 5.000000 0.000000 52.000000 99.925242 0.000000 -3.877855 -0.000009 
10 -22.500000 0.000000 -25.000000 99.923262 0.000000 -3.880201 0.000029 
11 -50.000000 0.000000 -25.000000 99.924156 0.000000 -3.877958 0.000012 
12 -22.500000 0.000000 -50.666667 99.924851 0.000000 -3.878245 -0.000002 
13 5.000000 0.000000 -25.000000 99.942251 0.000000 -3.877562 -0.000349 
14 -22.500000 0.000000 0.666667 99.916082 0.000000 -3.877392 0.000174 
15 32.500000 0.000000 -25.000000 99.924633 0.000000 -3.875105 0.000005 
16 32.500000 0.000000 -50.666667 99.925154 0.000000 -3.877090 -0.000007 
17 60.000000 0.000000 -25.000000 99.924429 0.000000 -3.876797 0.000008 
18 32.500000 0.000000 0.666667 99.943208 0.000000 -3.204670 0.000109 
19 -22.500000 0.000000 26.333333 99.924564 0.000000 -3.875618 0.000006 
20 -50.000000 0.000000 26.333333 99.924378 0.000000 -3.877120 0.000009 
21 5.000000 0.000000 26.333333 99.928944 0.000000 -3.877001 -0.000083 
22 -22.500000 0.000000 52.000000 99.925016 0.000000 -3.877235 -0.000004 
23 -8.750000 0.000000 -12.166667 99.936565 0.000000 -3.922911 -0.000271 
24 -22.500000 0.000000 -12.166667 99.920334 0.000000 -3.881167 0.000086 
25 -8.750000 0.000000 -25.000000 99.926419 0.000000 -3.881233 -0.000035 
26 5.000000 0.000000 -12.166667 100.003340 0.000000 -3.874036 -0.001568 
27 -8.750000 0.000000 0.666667 99.829379 0.000000 -3.846291 0.001930 
28 32.500000 0.000000 26.333333 99.923181 0.000000 -3.879224 0.000031 
29 60.000000 0.000000 26.333333 99.924152 0.000000 -3.877363 0.000013 
30 32.500000 0.000000 52.000000 99.924695 0.000000 -3.878058 0.000002 
31 18.750000 0.000000 -12.166667 99.963455 0.000000 -3.802581 -0.000715 
32 18.750000 0.000000 -25.000000 99.925223 0.000000 -3.873052 -0.000005 
33 32.500000 0.000000 -12.166667 99.920258 0.000000 -3.873545 0.000094 
34 18.750000 0.000000 0.666667 99.887170 0.000000 -2.936657 0.001393 
35 -8.750000 0.000000 13.500000 99.899418 0.000000 -3.878587 0.000506 
36 -22.500000 0.000000 13.500000 99.920168 0.000000 -3.873822 0.000095 
37 5.000000 0.000000 13.500000 100.019182 0.000000 -3.881508 -0.001890 
38 -8.750000 0.000000 26.333333 99.925638 0.000000 -3.873195 -0.000013 
39 -1.875000 0.000000 -5.750000 99.932817 0.000000 -4.183575 -0.000407 
40 -8.750000 0.000000 -5.750000 99.875499 0.000000 -3.916676 0.000954 
41 -1.875000 0.000000 -12.166667 99.942069 0.000000 -3.918278 -0.000377 
42 5.000000 0.000000 -5.750000 99.971037 0.000000 -3.826713 -0.000885 
43 -1.875000 0.000000 0.666667 98.471642 0.000000 -3.552019 0.029072 
44 18.750000 0.000000 13.500000 99.899918 0.000000 -3.875756 0.000498 
45 32.500000 0.000000 13.500000 99.921153 0.000000 -3.878665 0.000072 
46 18.750000 0.000000 26.333333 99.925975 0.000000 -3.880479 -0.000026 
47 11.875000 0.000000 -5.750000 99.906274 0.000000 -3.640484 0.000548 
48 11.875000 0.000000 -12.166667 99.912559 0.000000 -3.850078 0.000266 
49 18.750000 0.000000 -5.750000 99.916732 0.000000 -3.744464 0.000263 
50 11.875000 0.000000 0.666667 99.183761 0.000000 -2.895005 0.015420 
51 -1.875000 0.000000 7.083333 99.877610 0.000000 -3.720329 0.001062 
52 -8.750000 0.000000 7.083333 99.881721 0.000000 -3.853129 0.000880 
53 5.000000 0.000000 7.083333 100.096820 0.000000 -3.939256 -0.003489 
54 -1.875000 0.000000 13.500000 99.860649 0.000000 -3.878958 0.001280 
55 1.562500 0.000000 -2.541667 100.195757 0.000000 -5.185744 -0.006608 
56 -1.875000 0.000000 -2.541667 99.416120 0.000000 -4.491631 0.009626 
57 1.562500 0.000000 -5.750000 100.029669 0.000000 -4.093678 -0.002269 
58 5.000000 0.000000 -2.541667 100.250476 0.000000 -3.192268 -0.006035 
59 1.562500 0.000000 0.666667 104.097921 0.000000 9.986427 -0.093611 
60 -36.250000 0.000000 -12.166667 99.922768 0.000000 -3.878279 0.000040 
61 -50.000000 0.000000 -12.166667 99.923878 0.000000 -3.877781 0.000018 
62 -36.250000 0.000000 -25.000000 99.923713 0.000000 -3.878551 0.000021 
63 -36.250000 0.000000 0.666667 99.922446 0.000000 -3.877262 0.000047 
64 -15.625000 0.000000 -5.750000 99.911873 0.000000 -3.898857 0.000242 
65 -22.500000 0.000000 -5.750000 99.917480 0.000000 -3.880149 0.000144 
66 -15.625000 0.000000 -12.166667 99.923129 0.000000 -3.896345 0.000019 
67 -15.625000 0.000000 0.666667 99.902599 0.000000 -3.891603 0.000433 
68 -5.312500 0.000000 -2.541667 99.754609 0.000000 -4.013152 0.003291 
69 -8.750000 0.000000 -2.541667 99.834601 0.000000 -3.881297 0.001799 
70 -5.312500 0.000000 -5.750000 99.878766 0.000000 -4.028654 0.000800 
71 -5.312500 0.000000 0.666667 99.663154 0.000000 -3.899729 0.005205 
72 11.875000 0.000000 7.083333 99.831036 0.000000 -3.936548 0.001827 
73 18.750000 0.000000 7.083333 99.866517 0.000000 -3.853422 0.001183 
74 11.875000 0.000000 13.500000 99.829250 0.000000 -3.854624 0.001926 
75 1.562500 0.000000 3.875000 100.265646 0.000000 -3.137906 -0.006305 
76 -1.875000 0.000000 3.875000 99.603051 0.000000 -3.575067 0.006645 
77 5.000000 0.000000 3.875000 100.679464 0.000000 -4.209233 -0.015407 
78 1.562500 0.000000 7.083333 100.040798 0.000000 -3.726309 -0.002205 
79 -0.156250 0.000000 -0.937500 96.613822 0.000000 -8.228401 0.059806 
80 -1.875000 0.000000 -0.937500 98.643060 0.000000 -4.347649 0.025064 
81 -0.156250 0.000000 -2.541667 99.538604 0.000000 -5.175673 0.006528 
82 1.562500 0.000000 -0.937500 102.725131 0.000000 -8.809827 -0.063007 
83 -0.156250 0.000000 0.666667 93.687829 0.000000 1.783037 0.121941 
84 8.437500 0.000000 -2.541667 99.803690 0.000000 -2.300638 0.003393 
85 8.437500 0.000000 -5.750000 99.826855 0.000000 -3.717179 0.002078 
86 11.875000 0.000000 -2.541667 99.529679 0.000000 -3.312722 0.008287 
87 8.437500 0.000000 0.666667 102.053530 0.000000 -8.345742 -0.048457 
88 3.281250 0.000000 -0.937500 105.214210 0.000000 -2.082305 -0.107437 
89 3.281250 0.000000 -2.541667 100.601391 0.000000 -4.194357 -0.013823 
90 5.000000 0.000000 -0.937500 104.902053 0.000000 -0.324232 -0.100455 
91 3.281250 0.000000 0.666667 105.238338 0.000000 1.032538 -0.107617 
92 -36.250000 0.000000 13.500000 99.923304 0.000000 -3.876526 0.000031 
93 -50.000000 0.000000 13.500000 99.924048 0.000000 -3.877176 0.000015 
94 -36.250000 0.000000 26.333333 99.924248 0.000000 -3.876630 0.000012 
95 -15.625000 0.000000 7.083333 99.905263 0.000000 -3.882144 0.000387 
96 -22.500000 0.000000 7.083333 99.917455 0.000000 -3.874728 0.000149 
97 -15.625000 0.000000 13.500000 99.912110 0.000000 -3.878716 0.000253 
98 -5.312500 0.000000 3.875000 99.757602 0.000000 -3.810401 0.003390 
99 -8.750000 0.000000 3.875000 99.854444 0.000000 -3.846244 0.001430 
100 -5.312500 0.000000 7.083333 99.842944 0.000000 -3.827033 0.001674 
101 -0.156250 0.000000 2.270833 99.152669 0.000000 -2.263107 0.016363 
102 -1.875000 0.000000 2.270833 99.157095 0.000000 -3.409727 0.015624 
103 1.562500 0.000000 2.270833 100.121844 0.000000 -1.904261 -0.002801 
104 -0.156250 0.000000 3.875000 99.783919 0.000000 -3.232545 0.003272 
105 0.703125 0.000000 -0.135417 -0.916637 0.000000 0.042225 0.999916 
106 -0.156250 0.000000 -0.135417 82.367517 0.000000 -9.165283 0.313159 
107 0.703125 0.000000 -0.937500 99.745429 0.000000 -11.913380 -0.009108 
108 1.562500 0.000000 -0.135417 0.204328 0.000000 0.224761 0.999991 
109 0.703125 0.000000 0.666667 98.192512 0.000000 12.174881 0.021000 
110 -3.593750 0.000000 -0.937500 99.427705 0.000000 -4.044459 0.009777 
111 -5.312500 0.000000 -0.937500 99.696146 0.000000 -4.046934 0.004430 
112 -3.593750 0.000000 -2.541667 99.589451 0.000000 -4.099787 0.006513 
113 -3.593750 0.000000 0.666667 99.393540 0.000000 -3.845499 0.010614 
114 -1.015625 0.000000 -0.135417 96.125408 0.000000 -4.208849 0.074219 
115 -1.875000 0.000000 -0.135417 98.353470 0.000000 -3.993473 0.031065 
116 -1.015625 0.000000 -0.937500 97.354835 0.000000 -5.064570 0.049639 
117 -1.015625 0.000000 0.666667 96.797282 0.000000 -2.772135 0.062260 
118 8.437500 0.000000 3.875000 100.032701 0.000000 -4.530942 -0.002707 
119 11.875000 0.000000 3.875000 99.668850 0.000000 -3.996817 0.005015 
120 8.437500 0.000000 7.083333 99.839511 0.000000 -3.962916 0.001637 
121 3.281250 0.000000 2.270833 101.093189 0.000000 -3.049701 -0.022913 
122 5.000000 0.000000 2.270833 100.662786 0.000000 -4.616063 -0.015430 
123 3.281250 0.000000 3.875000 100.445882 0.000000 -3.626192 -0.010252 
124 0.703125 0.000000 1.468750 99.260725 0.000000 0.594805 0.014695 
125 -0.156250 0.000000 1.468750 97.495531 0.000000 -1.133542 0.049334 
126 1.562500 0.000000 1.468750 101.023573 0.000000 0.247987 -0.020582 
127 0.703125 0.000000 2.270833 99.361350 0.000000 -1.820632 0.012401 
128 0.273438 0.000000 0.265625 77.020038 0.000000 41.118164 0.237721 
129 -0.156250 0.000000 0.265625 85.581146 0.000000 2.424891 0.266999 
130 0.273438 0.000000 -0.135417 77.375886 0.000000 -45.336112 0.195761 
131 0.703125 0.000000 0.265625 96.459926 0.000000 28.769982 -0.013223 
132 0.273438 0.000000 0.666667 93.830628 0.000000 8.337669 0.112630 
133 -3.593750 0.000000 2.270833 99.527736 0.000000 -3.728849 0.008033 
134 -5.312500 0.000000 2.270833 99.707554 0.000000 -3.847149 0.004360 
135 -3.593750 0.000000 3.875000 99.722382 0.000000 -3.663912 0.004202 
136 -1.015625 0.000000 1.468750 98.322778 0.000000 -2.472893 0.032652 
137 -1.875000 0.000000 1.468750 98.853923 0.000000 -3.357525 0.021663 
138 -1.015625 0.000000 2.270833 99.145739 0.000000 -2.776597 0.016241 
139 -0.585938 0.000000 0.265625 93.882821 0.000000 -2.568488 0.117942 
140 -1.015625 0.000000 0.265625 96.182942 0.000000 -3.368990 0.073749 
141 -0.585938 0.000000 -0.135417 93.595449 0.000000 -4.768348 0.121715 
142 -0.585938 0.000000 0.666667 95.680584 0.000000 -1.582728 0.084272 
143 -8.750000 0.000000 -37.833333 99.925423 0.000000 -3.879309 -0.000014 
144 -22.500000 0.000000 -37.833333 99.924553 0.000000 -3.878931 0.000004 
145 -8.750000 0.000000 -50.666667 99.925211 0.000000 -3.878241 -0.000009 
146 5.000000 0.000000 -37.833333 99.926441 0.000000 -3.878315 -0.000033 
147 -1.875000 0.000000 -18.583333 99.992778 0.000000 -3.907349 -0.001382 
148 -8.750000 0.000000 -18.583333 99.935278 0.000000 -3.895059 -0.000223 
149 -1.875000 0.000000 -25.000000 99.939303 0.000000 -3.883814 -0.000295 
150 5.000000 0.000000 -18.583333 100.008855 0.000000 -3.874209 -0.001678 
151 1.562500 0.000000 -8.958333 100.162205 0.000000 -3.992052 -0.004840 
152 -1.875000 0.000000 -8.958333 99.971217 0.000000 -3.982781 -0.001011 
153 1.562500 0.000000 -12.166667 99.991301 0.000000 -3.913992 -0.001358 
154 5.000000 0.000000 -8.958333 100.199998 0.000000 -3.831904 -0.005472 
155 -0.156250 0.000000 -4.145833 99.860027 0.000000 -4.394007 0.000867 
156 -1.875000 0.000000 -4.145833 99.775304 0.000000 -4.279094 0.002658 
157 -0.156250 0.000000 -5.750000 100.019285 0.000000 -4.162216 -0.002118 
158 1.562500 0.000000 -4.145833 100.215086 0.000000 -4.412627 -0.006253 
159 0.703125 0.000000 -1.739583 99.796352 0.000000 -6.724830 -0.000454 
160 -0.156250 0.000000 -1.739583 98.462193 0.000000 -5.976057 0.026948 
161 0.703125 0.000000 -2.541667 99.726287 0.000000 -5.286692 0.002672 
162 1.562500 0.000000 -1.739583 100.827210 0.000000 -6.283464 -0.020561 
163 0.273438 0.000000 -0.536458 93.283728 0.000000 -19.188469 0.092995 
164 -0.156250 0.000000 -0.536458 92.655214 0.000000 -10.299920 0.130892 
165 0.273438 0.000000 -0.937500 97.441544 0.000000 -10.780973 0.038892 
166 0.703125 0.000000 -0.536458 101.616218 0.000000 -27.804233 -0.109893 
167 0.058594 0.000000 0.065104 45.219484 0.000000 15.183561 0.772466 
168 -0.156250 0.000000 0.065104 80.051937 0.000000 -1.954495 0.358787 
169 0.058594 0.000000 -0.135417 54.553861 0.000000 -44.152547 0.507443 
170 0.273438 0.000000 0.065104 0.158282 0.000000 0.283262 0.999989 
171 0.058594 0.000000 0.265625 77.544821 0.000000 14.685926 0.377112 
172 2.421875 0.000000 -0.135417 5.427316 0.000000 0.963452 0.996962 
173 2.421875 0.000000 -0.937500 102.999550 0.000000 -5.178746 -0.063573 
174 3.281250 0.000000 -0.135417 14.164414 0.000000 1.168738 0.979800 
175 2.421875 0.000000 0.666667 104.390604 0.000000 4.051853 -0.091382 
176 1.132812 0.000000 0.265625 -0.427761 0.000000 -0.157445 0.999979 
177 1.132812 0.000000 -0.135417 -0.396947 0.000000 0.094551 0.999983 
178 1.562500 0.000000 0.265625 0.448550 0.000000 0.097384 0.999979 
179 1.132812 0.000000 0.666667 103.369742 0.000000 15.057315 -0.091203 
180 0.488281 0.000000 0.065104 -0.956849 0.000000 0.021450 0.999908 
181 0.488281 0.000000 -0.135417 -1.098649 0.000000 -0.037216 0.999879 
182 0.703125 0.000000 0.065104 -0.896117 0.000000 -0.063717 0.999919 
183 0.488281 0.000000 0.265625 88.243076 0.000000 35.566257 0.094820 
184 0.273438 0.000000 1.067708 97.325922 0.000000 2.351663 0.052213 
185 -0.156250 0.000000 1.067708 96.834870 0.000000 0.122280 0.062299 
186 0.703125 0.000000 1.067708 98.920722 0.000000 3.733552 0.020075 
187 0.273438 0.000000 1.468750 98.534882 0.000000 -0.027045 0.029088 
188 0.058594 0.000000 0.466146 88.544583 0.000000 8.408257 0.208916 
189 -0.156250 0.000000 0.466146 90.569690 0.000000 2.628737 0.179022 
190 0.273438 0.000000 0.466146 89.213747 0.000000 15.990768 0.178520 
191 0.058594 0.000000 0.666667 93.173159 0.000000 4.888998 0.129486 
192 0.166016 0.000000 0.165365 63.195906 0.000000 42.805267 0.417399 
193 0.058594 0.000000 0.165365 54.308622 0.000000 41.124658 0.535934 
194 0.166016 0.000000 0.065104 58.440624 0.000000 37.378061 0.518757 
195 0.273438 0.000000 0.165365 73.852885 0.000000 40.544031 0.290193 
196 0.166016 0.000000 0.265625 71.937293 0.000000 42.523500 0.301678 
197 1.132812 0.000000 -0.536458 105.278325 0.000000 -17.567127 -0.139213 
198 1.132812 0.000000 -0.937500 101.802277 0.000000 -10.838782 -0.048118 
199 1.562500 0.000000 -0.536458 105.680957 0.000000 -11.296197 -0.129607 
200 0.488281 0.000000 -0.335938 94.611739 0.000000 -36.861124 -0.031012 
201 0.273438 0.000000 -0.335938 84.688521 0.000000 -43.872800 0.090303 
202 0.488281 0.000000 -0.536458 96.784428 0.000000 -22.198608 0.014000 
203 0.703125 0.000000 -0.335938 101.102944 0.000000 -28.660084 -0.104321 
204 -1.015625 0.000000 -1.739583 98.811704 0.000000 -5.174606 0.020947 
205 -1.875000 0.000000 -1.739583 99.068994 0.000000 -4.493299 0.016514 
206 -1.015625 0.000000 -2.541667 99.311527 0.000000 -4.725179 0.011489 
207 -0.585938 0.000000 -0.536458 95.358006 0.000000 -6.100691 0.086963 
208 -1.015625 0.000000 -0.536458 96.673152 0.000000 -4.866274 0.063062 
209 -0.585938 0.000000 -0.937500 96.547847 0.000000 -6.097887 0.064133 
210 0.058594 0.000000 -0.335938 84.815446 0.000000 -19.630388 0.242099 
211 -0.156250 0.000000 -0.335938 88.497915 0.000000 -10.989676 0.204735 
212 0.058594 0.000000 -0.536458 91.929806 0.000000 -14.423770 0.134087 
213 0.380859 0.000000 -0.235677 89.749279 0.000000 -40.903341 0.027198 
214 0.273438 0.000000 -0.235677 81.531184 0.000000 -45.355167 0.129557 
215 0.380859 0.000000 -0.335938 90.331210 0.000000 -40.451754 0.020393 
216 0.488281 0.000000 -0.235677 92.955311 0.000000 -38.083597 -0.009105 
217 0.380859 0.000000 -0.135417 -0.779057 0.000000 -0.061699 0.999939 
218 0.488281 0.000000 0.466146 90.748594 0.000000 34.226036 0.059327 
219 0.703125 0.000000 0.466146 97.775157 0.000000 26.498744 -0.026216 
220 0.488281 0.000000 0.666667 95.745705 0.000000 11.039034 0.071090 
221 2.421875 0.000000 1.468750 101.818465 0.000000 -1.033349 -0.036807 
222 3.281250 0.000000 1.468750 101.797783 0.000000 -2.382729 -0.036847 
223 2.421875 0.000000 2.270833 100.762239 0.000000 -2.290650 -0.015828 
224 1.132812 0.000000 1.067708 100.568992 0.000000 3.679979 -0.012766 
225 1.562500 0.000000 1.067708 101.650594 0.000000 2.735641 -0.034033 
226 1.132812 0.000000 1.468750 100.185311 0.000000 0.648110 -0.003752 
227 0.917969 0.000000 0.466146 101.118423 0.000000 20.876838 -0.066078 
228 0.917969 0.000000 0.265625 -0.784716 0.000000 -0.059771 0.999938 
229 1.132812 0.000000 0.466146 102.883644 0.000000 16.575607 -0.085980 
230 0.917969 0.000000 0.666667 102.261883 0.000000 19.005946 -0.081872 
231 0.917969 0.000000 -0.335938 103.899138 0.000000 -22.746442 -0.131243 
232 0.917969 0.000000 -0.536458 104.169506 0.000000 -21.990784 -0.133488 
233 1.132812 0.000000 -0.335938 105.188012 0.000000 -18.189786 -0.139539 
234 0.917969 0.000000 -0.135417 -0.674467 0.000000 0.058109 0.999954 
235 3.281250 0.000000 -4.145833 100.399180 0.000000 -4.098584 -0.009679 
236 3.281250 0.000000 -5.750000 100.021831 0.000000 -3.898451 -0.001956 
237 5.000000 0.000000 -4.145833 100.298216 0.000000 -3.618017 -0.007282 
238 2.421875 0.000000 -1.739583 100.846027 0.000000 -5.177512 -0.019673 
239 2.421875 0.000000 -2.541667 100.562028 0.000000 -4.696393 -0.013478 
240 3.281250 0.000000 -1.739583 101.195676 0.000000 -3.991786 -0.025650 
241 1.132812 0.000000 -1.338542 100.717539 0.000000 -8.095330 -0.020956 
242 0.703125 0.000000 -1.338542 99.687568 0.000000 -8.370682 -0.000768 
243 1.132812 0.000000 -1.739583 100.399442 0.000000 -6.650438 -0.012428 
244 1.562500 0.000000 -1.338542 101.432661 0.000000 -7.283498 -0.034163 
245 0.917969 0.000000 -0.736979 101.678406 0.000000 -14.701488 -0.055463 
246 0.703125 0.000000 -0.736979 99.903464 0.000000 -15.507450 -0.022118 
247 0.917969 0.000000 -0.937500 100.899694 0.000000 -11.601154 -0.031533 
248 1.132812 0.000000 -0.736979 102.901586 0.000000 -13.131596 -0.076118 
249 0.810547 0.000000 -0.436198 102.778817 0.000000 -25.394566 -0.120837 
250 0.703125 0.000000 -0.436198 101.391814 0.000000 -28.071573 -0.106831 
251 0.810547 0.000000 -0.536458 103.044776 0.000000 -24.758189 -0.123119 
252 0.917969 0.000000 -0.436198 103.933111 0.000000 -22.538571 -0.131008 
253 0.810547 0.000000 -0.335938 102.082729 0.000000 -26.750685 -0.113648 
254 1.992188 0.000000 0.265625 2.156489 0.000000 0.865964 0.999460 
255 1.992188 0.000000 -0.135417 1.356323 0.000000 0.387228 0.999801 
256 2.421875 0.000000 0.265625 5.934229 0.000000 1.539403 0.996242 
257 1.992188 0.000000 0.666667 104.182888 0.000000 6.235947 -0.089296 
258 1.992188 0.000000 1.067708 102.286369 0.000000 1.532646 -0.046485 
259 2.421875 0.000000 1.067708 102.494327 0.000000 0.439690 -0.050528 
260 1.992188 0.000000 1.468750 101.452579 0.000000 -0.242966 -0.029268 
261 1.777344 0.000000 0.466146 104.138729 0.000000 8.068792 -0.090998 
262 1.562500 0.000000 0.466146 104.116496 0.000000 10.137960 -0.094302 
263 1.777344 0.000000 0.265625 1.109314 0.000000 0.413567 0.999860 
264 1.992188 0.000000 0.466146 104.182631 0.000000 6.095287 -0.089117 
265 1.777344 0.000000 0.666667 104.137067 0.000000 8.073583 -0.090971 
266 1.992188 0.000000 -0.536458 105.091797 0.000000 -7.109161 -0.109483 
267 1.992188 0.000000 -0.937500 102.963219 0.000000 -6.912348 -0.064921 
268 2.421875 0.000000 -0.536458 104.954669 0.000000 -5.053360 -0.104102 
269 1.992188 0.000000 -1.338542 101.744492 0.000000 -6.336480 -0.039209 
270 1.992188 0.000000 -1.739583 101.160755 0.000000 -5.788337 -0.026700 
271 2.421875 0.000000 -1.338542 101.939478 0.000000 -5.356801 -0.042035 
272 1.777344 0.000000 -0.736979 105.348576 0.000000 -8.754175 -0.117496 
273 1.562500 0.000000 -0.736979 105.661986 0.000000 -11.180245 -0.128945 
274 1.777344 0.000000 -0.937500 102.881249 0.000000 -7.827090 -0.064581 
275 1.992188 0.000000 -0.736979 105.068743 0.000000 -7.005933 -0.108852 
276 1.777344 0.000000 -0.536458 105.363832 0.000000 -8.920003 -0.118110 
277 6.718750 0.000000 -0.937500 100.139507 0.000000 2.703796 -0.003523 
278 6.718750 0.000000 -2.541667 99.821528 0.000000 -2.677012 0.002850 
279 8.437500 0.000000 -0.937500 98.884777 0.000000 2.427606 0.021591 
280 6.718750 0.000000 0.666667 100.882089 0.000000 -11.504721 -0.030955 
281 4.140625 0.000000 -0.135417 16.623245 0.000000 -0.324281 0.972356 
282 4.140625 0.000000 -0.937500 104.628648 0.000000 -0.701473 -0.094765 
283 5.000000 0.000000 -0.135417 5.606147 0.000000 -2.103415 0.996415 
284 4.140625 0.000000 0.666667 104.936800 0.000000 -0.336884 -0.101185 
285 2.851562 0.000000 0.265625 10.586812 0.000000 1.768115 0.988479 
286 2.851562 0.000000 -0.135417 10.467704 0.000000 1.351583 0.988860 
287 3.281250 0.000000 0.265625 13.605301 0.000000 1.534411 0.981254 
288 2.851562 0.000000 0.666667 104.860162 0.000000 2.367652 -0.100126 
289 2.207031 0.000000 0.466146 104.146676 0.000000 4.735726 -0.086896 
290 2.207031 0.000000 0.265625 3.846863 0.000000 1.203638 0.998375 
291 2.421875 0.000000 0.466146 104.415936 0.000000 4.017601 -0.091883 
292 2.207031 0.000000 0.666667 104.145104 0.000000 5.301142 -0.087430 
293 2.851562 0.000000 -0.536458 105.216714 0.000000 -3.191997 -0.108075 
294 2.851562 0.000000 -0.937500 105.129169 0.000000 -3.044436 -0.106141 
295 3.281250 0.000000 -0.536458 105.173394 0.000000 -1.885638 -0.106500 
296 2.207031 0.000000 -0.736979 104.797126 0.000000 -5.835014 -0.101649 
297 2.207031 0.000000 -0.937500 102.915362 0.000000 -6.102806 -0.062882 
298 2.421875 0.000000 -0.736979 104.985772 0.000000 -4.873064 -0.104576 
299 2.207031 0.000000 -0.536458 104.903983 0.000000 -6.262743 -0.104407 
300 6.718750 0.000000 2.270833 99.297755 0.000000 -5.283675 0.011204 
301 8.437500 0.000000 2.270833 100.598914 0.000000 -4.565721 -0.014099 
302 6.718750 0.000000 3.875000 100.585969 0.000000 -4.718487 -0.013980 
303 4.140625 0.000000 1.468750 101.478435 0.000000 -3.393270 -0.030939 
304 5.000000 0.000000 1.468750 102.014060 0.000000 -4.295958 -0.042532 
305 4.140625 0.000000 2.270833 100.912204 0.000000 -3.847179 -0.019807 
306 3.710938 0.000000 0.265625 16.095283 0.000000 0.521041 0.974067 
307 3.710938 0.000000 -0.135417 17.184250 0.000000 0.371348 0.970456 
308 4.140625 0.000000 0.265625 15.943557 0.000000 -0.355087 0.974568 
309 3.710938 0.000000 0.666667 105.173746 0.000000 0.218806 -0.106156 
310 4.140625 0.000000 -1.739583 100.940465 0.000000 -3.245617 -0.019951 
311 4.140625 0.000000 -2.541667 100.526347 0.000000 -3.596470 -0.011848 
312 5.000000 0.000000 -1.739583 101.348179 0.000000 -2.696519 -0.027872 
313 3.710938 0.000000 -0.536458 104.931295 0.000000 -1.238835 -0.101211 
314 3.710938 0.000000 -0.937500 104.922031 0.000000 -1.149566 -0.100995 
315 4.140625 0.000000 -0.536458 104.642455 0.000000 -0.791218 -0.095067 
316 5.859375 0.000000 -0.135417 1.403158 0.000000 0.026780 0.999803 
317 5.859375 0.000000 -0.937500 102.130023 0.000000 3.169336 -0.044059 
318 6.718750 0.000000 -0.135417 4.688858 0.000000 -0.289555 0.997793 
319 5.859375 0.000000 0.666667 103.869988 0.000000 -9.262587 -0.087477 
320 4.570312 0.000000 0.265625 14.032196 0.000000 -0.204177 0.980306 
321 4.570312 0.000000 -0.135417 13.824745 0.000000 -0.919255 0.980803 
322 5.000000 0.000000 0.265625 6.097499 0.000000 2.891772 0.995446 
323 4.570312 0.000000 0.666667 105.004178 0.000000 -0.703935 -0.102637 
324 5.859375 0.000000 1.468750 101.197325 0.000000 -6.411027 -0.028200 
325 6.718750 0.000000 1.468750 99.416657 0.000000 -6.625909 0.007243 
326 5.859375 0.000000 2.270833 100.401251 0.000000 -5.218306 -0.010764 
327 4.570312 0.000000 1.067708 101.921967 0.000000 -2.723139 -0.039550 
328 4.140625 0.000000 1.067708 102.233925 0.000000 -2.717614 -0.045916 
329 5.000000 0.000000 1.067708 103.301546 0.000000 -1.994881 -0.067519 
330 4.570312 0.000000 1.468750 101.838319 0.000000 -3.803558 -0.038551 
331 4.355469 0.000000 0.466146 104.797150 0.000000 -1.497986 -0.098469 
332 4.140625 0.000000 0.466146 104.942467 0.000000 -0.417721 -0.101310 
333 4.355469 0.000000 0.265625 104.741276 0.000000 -0.273290 -0.097081 
334 4.570312 0.000000 0.466146 105.005413 0.000000 -0.783898 -0.102675 
335 4.355469 0.000000 0.666667 104.746353 0.000000 -0.314490 -0.097190 
336 4.570312 0.000000 -0.536458 104.673863 0.000000 -0.447314 -0.095682 
337 4.570312 0.000000 -0.937500 104.736727 0.000000 -0.392348 -0.096994 
338 5.000000 0.000000 -0.536458 103.096667 0.000000 0.773259 -0.062952 
339 18.750000 0.000000 -37.833333 99.926071 0.000000 -3.876830 -0.000025 
340 18.750000 0.000000 -50.666667 99.925446 0.000000 -3.877342 -0.000013 
341 32.500000 0.000000 -37.833333 99.925195 0.000000 -3.876502 -0.000007 
342 11.875000 0.000000 -18.583333 99.950802 0.000000 -3.861432 -0.000507 
343 11.875000 0.000000 -25.000000 99.939910 0.000000 -3.870988 -0.000297 
344 18.750000 0.000000 -18.583333 99.937682 0.000000 -3.859284 -0.000243 
345 8.437500 0.000000 -8.958333 100.022242 0.000000 -3.759654 -0.001858 
346 8.437500 0.000000 -12.166667 99.973023 0.000000 -3.832687 -0.000929 
347 11.875000 0.000000 -8.958333 99.954923 0.000000 -3.763448 -0.000515 
348 6.718750 0.000000 -4.145833 100.304192 0.000000 -3.341480 -0.007210 
349 6.718750 0.000000 -5.750000 99.891206 0.000000 -3.749868 0.000769 
350 8.437500 0.000000 -4.145833 99.919214 0.000000 -3.413693 0.000450 
351 5.859375 0.000000 -1.739583 100.965961 0.000000 -1.659130 -0.019688 
352 5.859375 0.000000 -2.541667 100.022927 0.000000 -2.863000 -0.001278 
353 6.718750 0.000000 -1.739583 100.388697 0.000000 -1.432693 -0.007994 
354 4.570312 0.000000 -1.338542 101.760360 0.000000 -2.904787 -0.036361 
355 4.140625 0.000000 -1.338542 101.574174 0.000000 -2.990263 -0.032625 
356 4.570312 0.000000 -1.739583 101.332581 0.000000 -3.091476 -0.027785 
357 5.000000 0.000000 -1.338542 102.284557 0.000000 -2.573833 -0.046876 
358 4.355469 0.000000 -0.736979 104.494982 0.000000 -0.543046 -0.091950 
359 4.140625 0.000000 -0.736979 104.641621 0.000000 -0.784120 -0.095048 
360 4.355469 0.000000 -0.937500 104.456076 0.000000 -0.636993 -0.091148 
361 4.570312 0.000000 -0.736979 104.672983 0.000000 -0.440804 -0.095663 
362 4.355469 0.000000 -0.536458 104.437479 0.000000 -0.650431 -0.090761 
363 5.429688 0.000000 0.265625 0.290736 0.000000 -0.369495 0.999978 
364 5.429688 0.000000 -0.135417 0.129701 0.000000 -0.404462 0.999982 
365 5.859375 0.000000 0.265625 1.615930 0.000000 -0.758727 0.999681 
366 5.429688 0.000000 0.666667 104.674447 0.000000 -7.015207 -0.100595 
367 5.429688 0.000000 1.067708 103.699573 0.000000 -5.937855 -0.078886 
368 5.859375 0.000000 1.067708 102.053580 0.000000 -7.633310 -0.047320 
369 5.429688 0.000000 1.468750 101.960310 0.000000 -5.469541 -0.042582 
370 5.214844 0.000000 0.466146 104.269492 0.000000 -5.489680 -0.090226 
371 5.000000 0.000000 0.466146 104.474678 0.000000 -1.299540 -0.091665 
372 5.214844 0.000000 0.265625 1.130260 0.000000 1.074444 0.999757 
373 5.429688 0.000000 0.466146 104.724165 0.000000 -6.891848 -0.101465 
374 5.214844 0.000000 0.666667 103.622739 0.000000 -4.534758 -0.075824 
375 5.429688 0.000000 -0.536458 104.147924 0.000000 6.045051 -0.088333 
376 5.429688 0.000000 -0.937500 104.580528 0.000000 1.877534 -0.094061 
377 5.859375 0.000000 -0.536458 103.128693 0.000000 7.977837 -0.069917 
378 5.429688 0.000000 -1.338542 102.337672 0.000000 -1.010027 -0.047402 
379 5.429688 0.000000 -1.739583 101.315663 0.000000 -2.165883 -0.026955 
380 5.859375 0.000000 -1.338542 101.545496 0.000000 -0.189772 -0.031152 
381 5.214844 0.000000 -0.736979 102.709384 0.000000 3.541343 -0.056176 
382 5.000000 0.000000 -0.736979 102.922712 0.000000 0.878580 -0.059386 
383 5.214844 0.000000 -0.937500 106.100013 0.000000 -0.690161 -0.125769 
384 5.429688 0.000000 -0.736979 104.068767 0.000000 5.785639 -0.086378 
385 5.214844 0.000000 -0.536458 103.213317 0.000000 4.089099 -0.066971 
386 46.250000 0.000000 -12.166667 99.923405 0.000000 -3.875016 0.000030 
387 46.250000 0.000000 -25.000000 99.924312 0.000000 -3.876267 0.000011 
388 60.000000 0.000000 -12.166667 99.924149 0.000000 -3.875380 0.000015 
389 46.250000 0.000000 0.666667 99.939804 0.000000 -3.432550 0.000025 
390 25.625000 0.000000 -5.750000 99.917081 0.000000 -3.819651 0.000199 
391 25.625000 0.000000 -12.166667 99.926038 0.000000 -3.855879 -0.000008 
392 32.500000 0.000000 -5.750000 99.919489 0.000000 -3.835793 0.000138 
393 25.625000 0.000000 0.666667 99.936795 0.000000 -3.041499 0.000339 
394 15.312500 0.000000 -2.541667 99.817082 0.000000 -3.440941 0.002471 
395 15.312500 0.000000 -5.750000 99.877185 0.000000 -3.758459 0.001042 
396 18.750000 0.000000 -2.541667 99.876273 0.000000 -3.469738 0.001269 
397 15.312500 0.000000 0.666667 99.786009 0.000000 -2.801548 0.003490 
398 10.156250 0.000000 -0.937500 98.086783 0.000000 -1.147355 0.037767 
399 10.156250 0.000000 -2.541667 99.430687 0.000000 -3.019567 0.010442 
400 11.875000 0.000000 -0.937500 99.220995 0.000000 -2.494491 0.014897 
401 10.156250 0.000000 0.666667 97.282411 0.000000 -3.790302 0.052177 
402 7.578125 0.000000 -0.135417 103.796569 0.000000 11.733063 -0.091139 
403 7.578125 0.000000 -0.937500 100.195791 0.000000 2.251525 -0.004427 
404 8.437500 0.000000 -0.135417 104.566159 0.000000 9.701458 -0.102820 
405 7.578125 0.000000 0.666667 91.923440 0.000000 -3.152495 0.154014 
406 6.289062 0.000000 0.265625 3.254426 0.000000 -0.468140 0.998919 
407 6.289062 0.000000 -0.135417 3.066616 0.000000 -0.030369 0.999059 
408 6.718750 0.000000 0.265625 99.893455 0.000000 -11.651391 -0.011446 
409 6.289062 0.000000 0.666667 102.536619 0.000000 -10.569537 -0.062547 
410 5.644531 0.000000 0.466146 104.345417 0.000000 -8.546532 -0.096101 
411 5.644531 0.000000 0.265625 0.867937 0.000000 -0.706145 0.999875 
412 5.859375 0.000000 0.466146 103.785439 0.000000 -9.342085 -0.085869 
413 5.644531 0.000000 0.666667 104.456186 0.000000 -8.258805 -0.097930 
414 6.289062 0.000000 -0.536458 102.037705 0.000000 9.420710 -0.050044 
415 6.289062 0.000000 -0.937500 100.775340 0.000000 3.234966 -0.016613 
416 6.718750 0.000000 -0.536458 101.627159 0.000000 10.141609 -0.043093 
417 5.644531 0.000000 -0.736979 103.855848 0.000000 7.205977 -0.083796 
418 5.644531 0.000000 -0.937500 103.188252 0.000000 2.903063 -0.065624 
419 5.859375 0.000000 -0.736979 103.163819 0.000000 8.241045 -0.071069 
420 5.644531 0.000000 -0.536458 103.766947 0.000000 7.160900 -0.081886 
421 46.250000 0.000000 13.500000 99.922935 0.000000 -3.875759 0.000039 
422 60.000000 0.000000 13.500000 99.923971 0.000000 -3.875560 0.000018 
423 46.250000 0.000000 26.333333 99.923701 0.000000 -3.877842 0.000022 
424 25.625000 0.000000 7.083333 99.904854 0.000000 -3.852155 0.000418 
425 32.500000 0.000000 7.083333 99.918961 0.000000 -3.867342 0.000124 
426 25.625000 0.000000 13.500000 99.909796 0.000000 -3.870208 0.000305 
427 15.312500 0.000000 3.875000 99.797344 0.000000 -3.832407 0.002580 
428 18.750000 0.000000 3.875000 99.865736 0.000000 -3.814547 0.001228 
429 15.312500 0.000000 7.083333 99.840539 0.000000 -3.874457 0.001686 
430 10.156250 0.000000 2.270833 99.121423 0.000000 -4.565007 0.015410 
431 11.875000 0.000000 2.270833 99.427763 0.000000 -3.825087 0.009949 
432 10.156250 0.000000 3.875000 99.777084 0.000000 -4.389591 0.002527 
433 7.578125 0.000000 1.468750 66.589320 0.000000 20.456796 0.514738 
434 8.437500 0.000000 1.468750 104.282789 0.000000 -7.731107 -0.093467 
435 7.578125 0.000000 2.270833 98.991408 0.000000 -4.643318 0.017914 
436 7.148438 0.000000 0.265625 96.008473 0.000000 -13.178096 0.060871 
437 7.148438 0.000000 -0.135417 9.279077 0.000000 -0.895099 0.991310 
438 7.578125 0.000000 0.265625 100.075821 0.000000 -12.592823 -0.017375 
439 7.148438 0.000000 0.666667 83.623384 0.000000 -1.708025 0.300421 
440 7.148438 0.000000 1.067708 96.559520 0.000000 -7.106425 0.062576 
441 6.718750 0.000000 1.067708 99.113623 0.000000 -8.129163 0.011041 
442 7.578125 0.000000 1.067708 85.591728 0.000000 6.401156 0.263308 
443 7.148438 0.000000 1.468750 98.243221 0.000000 -5.988546 0.031241 
444 6.933594 0.000000 0.466146 98.934757 0.000000 -12.060617 0.006646 
445 6.718750 0.000000 0.466146 100.817154 0.000000 -11.474420 -0.029576 
446 6.933594 0.000000 0.265625 99.954762 0.000000 -11.796629 -0.013011 
447 7.148438 0.000000 0.466146 92.101019 0.000000 -10.796775 0.140083 
448 6.933594 0.000000 0.666667 99.944930 0.000000 -11.773336 -0.012760 
449 7.578125 0.000000 -1.739583 99.468870 0.000000 -1.452734 0.010383 
450 7.578125 0.000000 -2.541667 99.873045 0.000000 -2.458992 0.001933 
451 8.437500 0.000000 -1.739583 99.407485 0.000000 -1.254854 0.011658 
452 7.148438 0.000000 -0.536458 102.095123 0.000000 10.888023 -0.054196 
453 7.148438 0.000000 -0.937500 100.063876 0.000000 2.353332 -0.001832 
454 7.578125 0.000000 -0.536458 104.063712 0.000000 11.446028 -0.096027 
455 6.933594 0.000000 -0.335938 101.700742 0.000000 9.614048 -0.043547 
456 6.718750 0.000000 -0.335938 101.632735 0.000000 9.879588 -0.042682 
457 6.933594 0.000000 -0.536458 101.674088 0.000000 10.741134 -0.045299 
458 7.148438 0.000000 -0.335938 102.330008 0.000000 9.965846 -0.057075 
459 6.933594 0.000000 -0.135417 6.217572 0.000000 -0.817919 0.996067 
460 9.296875 0.000000 -0.135417 95.105838 0.000000 11.150309 0.083055 
461 9.296875 0.000000 -0.937500 97.773246 0.000000 1.019235 0.043935 
462 10.156250 0.000000 -0.135417 95.445303 0.000000 -1.227993 0.088869 
463 9.296875 0.000000 0.666667 82.386933 0.000000 -9.029981 0.313085 
464 8.007812 0.000000 -0.536458 104.314521 0.000000 13.217152 -0.105621 
465 8.007812 0.000000 -0.937500 99.855494 0.000000 2.232114 0.002390 
466 8.437500 0.000000 -0.536458 102.645956 0.000000 14.378932 -0.074295 
467 8.007812 0.000000 -0.135417 104.337423 0.000000 12.870222 -0.105194 
468 8.007812 0.000000 0.265625 99.982866 0.000000 -11.846841 -0.013692 
469 8.437500 0.000000 0.265625 109.071837 0.000000 -14.155369 -0.209704 
470 8.007812 0.000000 0.666667 103.633474 0.000000 -10.061863 -0.084114 
471 7.792969 0.000000 -0.335938 104.560536 0.000000 12.291525 -0.108399 
472 7.578125 0.000000 -0.335938 104.173298 0.000000 11.491871 -0.098414 
473 7.792969 0.000000 -0.536458 104.388360 0.000000 12.756591 -0.105966 
474 8.007812 0.000000 -0.335938 104.361909 0.000000 12.989742 -0.106014 
475 7.792969 0.000000 -0.135417 104.936368 0.000000 11.914375 -0.115359 
476 10.156250 0.000000 -4.145833 99.566425 0.000000 -3.641740 0.007326 
477 10.156250 0.000000 -5.750000 99.959692 0.000000 -3.494984 -0.000415 
478 11.875000 0.000000 -4.145833 99.772784 0.000000 -3.488602 0.003322 
479 9.296875 0.000000 -1.739583 99.150131 0.000000 -1.433786 0.016720 
480 9.296875 0.000000 -2.541667 99.562696 0.000000 -2.601557 0.008050 
481 10.156250 0.000000 -1.739583 99.057676 0.000000 -2.234901 0.018258 
482 8.867188 0.000000 -0.536458 96.555128 0.000000 5.421098 0.064772 
483 8.867188 0.000000 -0.937500 98.182142 0.000000 1.695946 0.035739 
484 9.296875 0.000000 -0.536458 95.820059 0.000000 3.265268 0.080785 
485 8.867188 0.000000 -0.135417 97.950204 0.000000 10.513699 0.029522 
486 13.593750 0.000000 -0.937500 99.659419 0.000000 -2.497542 0.006176 
487 13.593750 0.000000 -2.541667 99.733215 0.000000 -3.400871 0.004172 
488 15.312500 0.000000 -0.937500 99.816328 0.000000 -2.487383 0.003051 
489 13.593750 0.000000 0.666667 99.639137 0.000000 -2.904711 0.006360 
490 11.015625 0.000000 -0.135417 98.494726 0.000000 -2.178085 0.029404 
491 11.015625 0.000000 -0.937500 98.817512 0.000000 -2.268459 0.022995 
492 11.875000 0.000000 -0.135417 99.151955 0.000000 -2.268968 0.016374 
493 11.015625 0.000000 0.666667 98.647054 0.000000 -3.250206 0.025819 
494 9.726562 0.000000 -0.536458 96.253340 0.000000 0.923160 0.073444 
495 9.726562 0.000000 -0.937500 97.785086 0.000000 -0.236369 0.043802 
496 10.156250 0.000000 -0.536458 97.141887 0.000000 -0.906208 0.056263 
497 9.726562 0.000000 -0.135417 98.515860 0.000000 14.465373 0.008538 
498 9.296875 0.000000 1.468750 81.676598 0.000000 -6.843976 0.328209 
499 10.156250 0.000000 1.468750 98.331156 0.000000 -4.369168 0.031189 
500 9.296875 0.000000 2.270833 99.013499 0.000000 -5.656799 0.016433 
501 8.867188 0.000000 0.265625 97.414933 0.000000 -12.726314 0.034837 
502 9.296875 0.000000 0.265625 98.354263 0.000000 -16.466845 0.005528 
503 8.867188 0.000000 0.666667 97.062575 0.000000 -9.865866 0.048152 
504 9.082031 0.000000 -0.335938 96.585275 0.000000 14.307180 0.046659 
505 8.867188 0.000000 -0.335938 98.075014 0.000000 14.240564 0.017850 
506 9.082031 0.000000 -0.536458 95.932852 0.000000 4.510306 0.077655 
507 9.296875 0.000000 -0.335938 94.824588 0.000000 14.218292 0.080614 
508 9.082031 0.000000 -0.135417 95.559202 0.000000 11.613160 0.073357 
509 9.726562 0.000000 0.265625 94.348647 0.000000 -8.193380 0.103120 
510 10.156250 0.000000 0.265625 96.096923 0.000000 -3.950484 0.074978 
511 9.726562 0.000000 0.666667 96.448887 0.000000 -4.957091 0.067304 
512 9.511719 0.000000 0.065104 99.983546 0.000000 -10.638862 -0.010989 
513 9.296875 0.000000 0.065104 97.805527 0.000000 -9.669952 0.034057 
514 9.511719 0.000000 -0.135417 96.397962 0.000000 13.424866 0.052721 
515 9.726562 0.000000 0.065104 101.305731 0.000000 -11.701775 -0.039978 
516 9.511719 0.000000 0.265625 101.591537 0.000000 -18.748879 -0.067236 
517 13.593750 0.000000 2.270833 99.666840 0.000000 -3.673506 0.005303 
518 15.312500 0.000000 2.270833 99.756166 0.000000 -3.564532 0.003600 
519 13.593750 0.000000 3.875000 99.747625 0.000000 -3.896423 0.003523 
520 11.015625 0.000000 1.468750 98.980860 0.000000 -3.850237 0.018796 
521 11.875000 0.000000 1.468750 99.351429 0.000000 -3.658668 0.011591 
522 11.015625 0.000000 2.270833 99.293463 0.000000 -4.135545 0.012371 
523 10.585938 0.000000 0.265625 97.770483 0.000000 -3.188945 0.043076 
524 10.585938 0.000000 -0.135417 97.700882 0.000000 -1.974044 0.045064 
525 11.015625 0.000000 0.265625 98.522059 0.000000 -3.219287 0.028304 
526 10.585938 0.000000 0.666667 98.083510 0.000000 -3.305083 0.036870 
527 9.941406 0.000000 0.065104 99.220714 0.000000 -8.470187 0.008351 
528 9.941406 0.000000 -0.135417 100.426186 0.000000 23.439198 -0.063481 
529 10.156250 0.000000 0.065104 95.175204 0.000000 -2.585172 0.093500 
530 9.941406 0.000000 0.265625 94.825369 0.000000 -5.581410 0.097700 
531 11.015625 0.000000 -1.739583 99.222662 0.000000 -2.771056 0.014718 
532 11.015625 0.000000 -2.541667 99.347716 0.000000 -3.398681 0.011848 
533 11.875000 0.000000 -1.739583 99.412861 0.000000 -2.915293 0.010858 
534 10.585938 0.000000 -0.536458 98.030596 0.000000 -1.845908 0.038659 
535 10.585938 0.000000 -0.937500 98.462015 0.000000 -1.842902 0.030184 
536 11.015625 0.000000 -0.536458 98.592466 0.000000 -2.298439 0.027424 
537 9.941406 0.000000 -0.335938 95.423796 0.000000 0.013617 0.089430 
538 9.726562 0.000000 -0.335938 94.805361 0.000000 1.922520 0.100825 
539 9.941406 0.000000 -0.536458 96.643588 0.000000 -0.091602 0.066001 
540 10.156250 0.000000 -0.335938 96.392130 0.000000 -1.382560 0.070665 
541 9.833984 0.000000 -0.035156 101.060074 0.000000 9.162121 -0.029708 
542 9.726562 0.000000 -0.035156 100.552067 0.000000 -0.100113 -0.011073 
543 9.833984 0.000000 -0.135417 99.914426 0.000000 17.269751 -0.028114 
544 9.941406 0.000000 -0.035156 98.420721 0.000000 3.616650 0.030028 
545 9.833984 0.000000 0.065104 102.833994 0.000000 -14.267257 -0.077838 
546 10.371094 0.000000 0.065104 96.896459 0.000000 -2.386338 0.060538 
547 10.371094 0.000000 -0.135417 96.962336 0.000000 -1.896223 0.059471 
548 10.585938 0.000000 0.065104 97.673974 0.000000 -2.281413 0.045459 
549 10.371094 0.000000 0.265625 97.125314 0.000000 -3.416817 0.055500 
550 10.048828 0.000000 -0.035156 96.432638 0.000000 23.464006 0.015019 
551 10.048828 0.000000 -0.135417 93.978425 0.000000 -0.321189 0.116795 
552 10.156250 0.000000 -0.035156 95.083249 0.000000 -1.870994 0.095568 
553 10.048828 0.000000 0.065104 92.996974 0.000000 -3.522256 0.133916 
554 9.726562 0.000000 1.067708 97.257363 0.000000 -4.637697 0.051950 
555 9.296875 0.000000 1.067708 78.216482 0.000000 -6.733866 0.383684 
556 10.156250 0.000000 1.067708 97.942424 0.000000 -4.110642 0.039038 
557 9.726562 0.000000 1.468750 97.762981 0.000000 -4.781129 0.041954 
558 9.941406 0.000000 0.466146 96.202005 0.000000 -4.624380 0.072379 
559 9.726562 0.000000 0.466146 95.774288 0.000000 -5.710724 0.079467 
560 10.156250 0.000000 0.466146 96.826075 0.000000 -3.820446 0.061012 
561 9.941406 0.000000 0.666667 96.864439 0.000000 -4.342946 0.059842 
562 9.833984 0.000000 0.165365 103.357893 0.000000 -22.484661 -0.118841 
563 9.726562 0.000000 0.165365 101.598730 0.000000 -18.841550 -0.067731 
564 9.941406 0.000000 0.165365 93.272099 0.000000 -6.913612 0.125252 
565 9.833984 0.000000 0.265625 94.499412 0.000000 -6.814108 0.102343 
566 9.887695 0.000000 0.014974 99.935590 0.000000 -3.593088 -0.000003 
567 9.833984 0.000000 0.014974 102.338434 0.000000 -7.776970 -0.053364 
568 9.887695 0.000000 -0.035156 99.741481 0.000000 0.564369 0.005132 
569 9.941406 0.000000 0.014974 98.670494 0.000000 -9.823931 0.016762 
570 9.887695 0.000000 0.065104 100.608269 0.000000 -8.918688 -0.020157 
571 18.750000 0.000000 39.166667 99.925010 0.000000 -3.878961 -0.000005 
572 5.000000 0.000000 39.166667 99.925893 0.000000 -3.878323 -0.000023 
573 32.500000 0.000000 39.166667 99.924366 0.000000 -3.878528 0.000008 
574 18.750000 0.000000 52.000000 99.924974 0.000000 -3.878113 -0.000004 
575 11.875000 0.000000 19.916667 99.910907 0.000000 -3.879986 0.000276 
576 5.000000 0.000000 19.916667 99.913714 0.000000 -3.879383 0.000220 
577 18.750000 0.000000 19.916667 99.911424 0.000000 -3.876740 0.000268 
578 11.875000 0.000000 26.333333 99.927898 0.000000 -3.879894 -0.000064 
579 8.437500 0.000000 10.291667 99.921414 0.000000 -3.916220 0.000037 
580 5.000000 0.000000 10.291667 99.936182 0.000000 -3.880428 -0.000230 
581 11.875000 0.000000 10.291667 99.883312 0.000000 -3.911558 0.000802 
582 8.437500 0.000000 13.500000 99.966752 0.000000 -3.902665 -0.000858 
583 10.156250 0.000000 5.479167 99.786071 0.000000 -4.054835 0.002630 
584 8.437500 0.000000 5.479167 99.975176 0.000000 -4.225847 -0.001289 
585 11.875000 0.000000 5.479167 99.876541 0.000000 -4.099691 0.000787 
586 10.156250 0.000000 7.083333 99.938709 0.000000 -4.053708 -0.000418 
587 9.296875 0.000000 3.072917 99.728595 0.000000 -4.787014 0.003129 
588 8.437500 0.000000 3.072917 100.132182 0.000000 -4.943464 -0.005089 
589 10.156250 0.000000 3.072917 99.623066 0.000000 -4.599047 0.005409 
590 9.296875 0.000000 3.875000 99.975625 0.000000 -4.542551 -0.001576 
591 8.867188 0.000000 1.869792 101.958923 0.000000 -9.426152 -0.048447 
592 8.437500 0.000000 1.869792 104.574609 0.000000 -8.221699 -0.100345 
593 8.867188 0.000000 1.468750 100.596896 0.000000 -8.291802 -0.018849 
594 9.296875 0.000000 1.869792 96.862905 0.000000 -6.200687 0.057913 
595 8.867188 0.000000 2.270833 100.003371 0.000000 -6.153030 -0.003853 
596 9.726562 0.000000 1.869792 98.468975 0.000000 -5.079060 0.027806 
597 10.156250 0.000000 1.869792 98.763179 0.000000 -4.500763 0.022558 
598 9.726562 0.000000 2.270833 98.977641 0.000000 -4.982605 0.017860 
599 6.718750 0.000000 5.479167 100.218062 0.000000 -4.239915 -0.006164 
600 5.000000 0.000000 5.479167 100.273872 0.000000 -4.027174 -0.007107 
601 6.718750 0.000000 7.083333 99.908125 0.000000 -3.974723 0.000257 
602 7.578125 0.000000 3.072917 99.853304 0.000000 -4.848843 0.000581 
603 6.718750 0.000000 3.072917 99.809905 0.000000 -4.786281 0.001507 
604 7.578125 0.000000 3.875000 100.371601 0.000000 -4.706225 -0.009661 
605 8.867188 0.000000 2.671875 99.917892 0.000000 -5.285830 -0.001153 
606 8.437500 0.000000 2.671875 99.953941 0.000000 -4.997302 -0.001576 
607 9.296875 0.000000 2.671875 99.527395 0.000000 -5.048742 0.006881 
608 8.867188 0.000000 3.072917 99.895205 0.000000 -4.816716 -0.000225 
609 9.082031 0.000000 2.070312 99.191960 0.000000 -8.098757 0.009537 
610 8.867188 0.000000 2.070312 112.408465 0.000000 -2.016963 -0.263973 
611 9.082031 0.000000 1.869792 94.099260 0.000000 -9.399532 0.105698 
612 9.296875 0.000000 2.070312 98.168930 0.000000 -6.177519 0.032470 
613 9.082031 0.000000 2.270833 99.353341 0.000000 -6.061404 0.009217 
614 8.867188 0.000000 1.067708 97.156768 0.000000 -8.986296 0.047981 
615 8.437500 0.000000 1.067708 103.165590 0.000000 -8.005144 -0.070722 
616 9.082031 0.000000 1.669271 91.280090 0.000000 -8.234631 0.160014 
617 8.867188 0.000000 1.669271 101.132665 0.000000 -8.303668 -0.029677 
618 9.082031 0.000000 1.468750 88.659271 0.000000 -7.986709 0.207575 
619 9.296875 0.000000 1.669271 96.220321 0.000000 -5.854618 0.070737 
620 11.015625 0.000000 3.072917 99.608634 0.000000 -4.388565 0.005886 
621 11.875000 0.000000 3.072917 99.621791 0.000000 -4.052318 0.005908 
622 11.015625 0.000000 3.875000 99.726363 0.000000 -4.196717 0.003704 
623 9.726562 0.000000 2.671875 99.455508 0.000000 -4.817981 0.008539 
624 10.156250 0.000000 2.671875 99.444890 0.000000 -4.647804 0.008911 
625 9.726562 0.000000 3.072917 99.622690 0.000000 -4.655532 0.005365 
626 9.511719 0.000000 2.070312 98.587611 0.000000 -5.434396 0.025095 
627 9.511719 0.000000 1.869792 97.997024 0.000000 -5.302341 0.036847 
628 9.726562 0.000000 2.070312 98.748585 0.000000 -5.046123 0.022325 
629 9.511719 0.000000 2.270833 98.988150 0.000000 -5.291827 0.017334 
630 9.189453 0.000000 1.970052 82.243667 0.000000 -9.596553 0.314389 
631 9.082031 0.000000 1.970052 104.657280 0.000000 -7.196492 -0.100494 
632 9.189453 0.000000 1.869792 82.380357 0.000000 -7.652895 0.315491 
633 9.296875 0.000000 1.970052 97.465547 0.000000 -6.287971 0.046093 
634 9.189453 0.000000 2.070312 98.179945 0.000000 -7.403438 0.030589 
635 8.007812 0.000000 1.869792 76.585172 0.000000 15.355365 0.389892 
636 7.578125 0.000000 1.869792 97.413719 0.000000 -4.084591 0.049388 
637 8.007812 0.000000 1.468750 94.922771 0.000000 1.682875 0.098684 
638 8.007812 0.000000 2.270833 99.365444 0.000000 -3.620549 0.011340 
639 8.652344 0.000000 2.070312 110.823204 0.000000 -1.815780 -0.228508 
640 8.437500 0.000000 2.070312 107.813643 0.000000 -0.916385 -0.162462 
641 8.652344 0.000000 1.869792 103.378006 0.000000 -8.760780 -0.076376 
642 8.652344 0.000000 2.270833 100.506619 0.000000 -5.547088 -0.013235 
643 8.974609 0.000000 1.970052 108.519463 0.000000 -6.032517 -0.181287 
644 8.867188 0.000000 1.970052 108.938323 0.000000 -5.869965 -0.190201 
645 8.974609 0.000000 1.869792 100.879373 0.000000 -9.838754 -0.027345 
646 8.974609 0.000000 2.070312 100.195546 0.000000 -7.666422 -0.009792 
647 9.082031 0.000000 2.471354 99.659124 0.000000 -5.585003 0.003687 
648 8.867188 0.000000 2.471354 99.815781 0.000000 -5.471769 0.000687 
649 9.296875 0.000000 2.471354 99.367435 0.000000 -5.287798 0.009815 
650 9.082031 0.000000 2.671875 99.770525 0.000000 -5.192189 0.001888 
651 9.189453 0.000000 2.170573 98.878249 0.000000 -6.499897 0.018084 
652 9.082031 0.000000 2.170573 99.269413 0.000000 -6.739103 0.010017 
653 9.296875 0.000000 2.170573 98.712195 0.000000 -5.908373 0.022099 
654 9.189453 0.000000 2.270833 99.166019 0.000000 -5.953802 0.013065 
655 9.135742 0.000000 2.020182 104.109882 0.000000 -4.767659 -0.086160 
656 9.082031 0.000000 2.020182 111.620754 0.000000 -3.606963 -0.247220 
657 9.135742 0.000000 1.970052 86.908182 0.000000 -10.604352 0.233452 
658 9.189453 0.000000 2.020182 96.956962 0.000000 -8.144708 0.053301 
659 9.135742 0.000000 2.070312 98.566239 0.000000 -7.916569 0.022202 
660 8.974609 0.000000 2.170573 99.788889 0.000000 -6.832740 -0.000451 
661 8.867188 0.000000 2.170573 100.269473 0.000000 -6.616467 -0.009774 
662 8.974609 0.000000 2.270833 99.693298 0.000000 -6.181779 0.002303 
663 9.028320 0.000000 2.020182 112.370192 0.000000 -3.003088 -0.263608 
664 8.974609 0.000000 2.020182 112.975816 0.000000 -1.860644 -0.276700 
665 9.028320 0.000000 1.970052 107.266625 0.000000 -6.904276 -0.155380 
666 9.028320 0.000000 2.070312 99.731915 0.000000 -7.896276 -0.000881 
667 8.652344 0.000000 1.669271 102.906422 0.000000 -7.897617 -0.065210 
668 8.437500 0.000000 1.669271 104.525656 0.000000 -7.868592 -0.098753 
669 8.652344 0.000000 1.468750 102.918425 0.000000 -7.735404 -0.065204 
670 8.974609 0.000000 1.769531 99.907811 0.000000 -8.954790 -0.006176 
671 8.867188 0.000000 1.769531 101.455082 0.000000 -8.609243 -0.036725 
672 8.974609 0.000000 1.669271 97.306779 0.000000 -8.440915 0.046014 
673 9.082031 0.000000 1.769531 92.088473 0.000000 -8.547364 0.144666 
674 9.028320 0.000000 1.919922 100.493915 0.000000 -11.042235 -0.022096 
675 8.974609 0.000000 1.919922 101.438292 0.000000 -10.530434 -0.040062 
676 9.028320 0.000000 1.869792 98.844880 0.000000 -9.747580 0.013467 
677 9.082031 0.000000 1.919922 96.490152 0.000000 -10.709386 0.057496 
678 9.055176 0.000000 1.995117 111.179444 0.000000 -3.940841 -0.237640 
679 9.028320 0.000000 1.995117 111.417287 0.000000 -3.779141 -0.242809 
680 9.055176 0.000000 1.970052 104.794595 0.000000 -8.434926 -0.105306 
681 9.082031 0.000000 1.995117 111.235738 0.000000 -3.517593 -0.238576 
682 9.055176 0.000000 2.020182 111.919152 0.000000 -3.391032 -0.253740 
683 9.511719 0.000000 1.669271 97.565760 0.000000 -5.238435 0.045348 
684 9.511719 0.000000 1.468750 97.167942 0.000000 -5.028791 0.053310 
685 9.726562 0.000000 1.669271 98.038116 0.000000 -4.837197 0.036513 
686 9.189453 0.000000 1.769531 84.320091 0.000000 -7.460149 0.283447 
687 9.189453 0.000000 1.669271 87.220566 0.000000 -7.602324 0.233478 
688 9.296875 0.000000 1.769531 96.421821 0.000000 -5.976159 0.066712 
689 9.135742 0.000000 1.919922 87.016300 0.000000 -9.506965 0.233778 
690 9.135742 0.000000 1.869792 85.815234 0.000000 -8.171181 0.256898 
691 9.189453 0.000000 1.919922 82.529343 0.000000 -7.901778 0.312647 
692 9.108887 0.000000 1.995117 107.794116 0.000000 -4.163697 -0.163691 
693 9.108887 0.000000 1.970052 97.852244 0.000000 -9.264310 0.033911 
694 9.135742 0.000000 1.995117 96.745518 0.000000 -3.264747 0.062965 
695 9.108887 0.000000 2.020182 109.797558 0.000000 -3.368747 -0.206685 
696 9.028320 0.000000 2.120443 99.550181 0.000000 -7.261882 0.003703 
697 8.974609 0.000000 2.120443 99.886352 0.000000 -7.214021 -0.002933 
698 9.082031 0.000000 2.120443 99.204951 0.000000 -7.252673 0.010578 
699 9.028320 0.000000 2.170573 99.510319 0.000000 -6.833326 0.005100 
700 9.055176 0.000000 2.045247 113.653705 0.000000 -2.056817 -0.292140 
701 9.028320 0.000000 2.045247 113.353144 0.000000 -2.063818 -0.285319 
702 9.082031 0.000000 2.045247 99.336236 0.000000 -8.691701 0.005677 
703 9.055176 0.000000 2.070312 99.456797 0.000000 -8.037560 0.004374 
704 9.068604 0.000000 2.007650 111.594866 0.000000 -3.614329 -0.246648 
705 9.055176 0.000000 2.007650 112.225417 0.000000 -3.282947 -0.260532 
706 9.068604 0.000000 1.995117 111.091982 0.000000 -3.983945 -0.235730 
707 9.082031 0.000000 2.007650 112.313483 0.000000 -3.139314 -0.262417 
708 9.068604 0.000000 2.020182 112.639041 0.000000 -3.000397 -0.269656 
709 9.082031 0.000000 0.466146 88.830203 0.000000 -11.193141 0.198391 
710 8.867188 0.000000 0.466146 96.026059 0.000000 -10.706868 0.066436 
711 9.082031 0.000000 0.265625 92.112990 0.000000 -13.559957 0.133132 
712 9.296875 0.000000 0.466146 95.004914 0.000000 -7.291922 0.092089 
713 9.082031 0.000000 0.666667 87.095709 0.000000 -9.448122 0.232507 
714 9.082031 0.000000 0.065104 97.029872 0.000000 -12.484696 0.042934 
715 8.867188 0.000000 0.065104 100.186553 0.000000 -13.252066 -0.021296 
716 9.511719 0.000000 0.466146 95.529354 0.000000 -6.750274 0.082858 
717 9.511719 0.000000 0.666667 96.006003 0.000000 -5.589838 0.075160 
718 9.189453 0.000000 0.365885 90.985687 0.000000 -13.913341 0.152802 
719 9.082031 0.000000 0.365885 87.854815 0.000000 -11.757871 0.214328 
720 9.189453 0.000000 0.265625 93.984864 0.000000 -14.622800 0.095302 
721 9.296875 0.000000 0.365885 97.580571 0.000000 -16.668039 0.020021 
722 9.189453 0.000000 0.466146 84.469696 0.000000 -10.496582 0.275469 
723 9.833984 0.000000 0.365885 95.373785 0.000000 -5.688236 0.087149 
724 9.726562 0.000000 0.365885 95.222547 0.000000 -6.523234 0.089011 
725 9.941406 0.000000 0.365885 95.661997 0.000000 -4.937907 0.082440 
726 9.833984 0.000000 0.466146 95.951253 0.000000 -5.116120 0.076718 
727 9.619141 0.000000 0.365885 95.154229 0.000000 -7.201756 0.089381 
728 9.511719 0.000000 0.365885 95.171665 0.000000 -7.973101 0.087878 
729 9.619141 0.000000 0.265625 101.511337 0.000000 -19.064687 -0.066801 
730 9.619141 0.000000 0.466146 95.632030 0.000000 -6.204869 0.081601 
731 10.585938 0.000000 1.067708 98.386364 0.000000 -3.695740 0.030646 
732 11.015625 0.000000 1.067708 98.799242 0.000000 -3.563982 0.022601 
733 10.585938 0.000000 1.468750 98.713941 0.000000 -4.066303 0.023902 
734 9.941406 0.000000 0.867187 97.298439 0.000000 -4.292699 0.051459 
735 9.726562 0.000000 0.867187 96.897305 0.000000 -4.716206 0.058867 
736 10.156250 0.000000 0.867187 97.608122 0.000000 -3.850753 0.045783 
737 9.941406 0.000000 1.067708 97.625748 0.000000 -4.337995 0.045040 
738 9.833984 0.000000 0.566406 96.359572 0.000000 -4.800546 0.069179 
739 9.726562 0.000000 0.566406 96.204427 0.000000 -5.200695 0.071766 
740 9.941406 0.000000 0.566406 96.585970 0.000000 -4.442380 0.065142 
741 9.833984 0.000000 0.666667 96.652603 0.000000 -4.624893 0.063688 
742 9.780273 0.000000 0.416016 95.591293 0.000000 -5.708678 0.082972 
743 9.726562 0.000000 0.416016 95.523189 0.000000 -6.055940 0.083865 
744 9.780273 0.000000 0.365885 95.277583 0.000000 -6.107709 0.088488 
745 9.833984 0.000000 0.416016 95.690164 0.000000 -5.358764 0.081468 
746 9.780273 0.000000 0.466146 95.850774 0.000000 -5.413689 0.078332 
747 9.082031 0.000000 0.867187 88.245499 0.000000 -9.236343 0.212742 
748 8.867188 0.000000 0.867187 96.457234 0.000000 -9.546738 0.060486 
749 9.296875 0.000000 0.867187 81.469289 0.000000 -7.940863 0.329970 
750 9.082031 0.000000 1.067708 83.552374 0.000000 -7.704301 0.295964 
751 9.189453 0.000000 0.566406 86.828027 0.000000 -9.959613 0.236170 
752 9.082031 0.000000 0.566406 88.506888 0.000000 -10.452705 0.205727 
753 9.296875 0.000000 0.566406 82.398580 0.000000 -9.033247 0.312887 
754 9.189453 0.000000 0.666667 86.897131 0.000000 -9.503432 0.235857 
755 8.652344 0.000000 0.466146 101.211076 0.000000 -8.653103 -0.031856 
756 8.437500 0.000000 0.466146 102.123773 0.000000 -10.113361 -0.053155 
757 8.652344 0.000000 0.265625 104.318057 0.000000 -12.558572 -0.103997 
758 8.652344 0.000000 0.666667 101.218387 0.000000 -8.342423 -0.031476 
759 8.974609 0.000000 0.566406 91.958363 0.000000 -10.618836 0.143090 
760 8.867188 0.000000 0.566406 95.012504 0.000000 -10.021504 0.087219 
761 8.974609 0.000000 0.466146 93.634958 0.000000 -12.302970 0.108113 
762 8.974609 0.000000 0.666667 92.517948 0.000000 -10.226739 0.133584 
763 9.135742 0.000000 0.516276 87.956426 0.000000 -10.952044 0.214372 
764 9.082031 0.000000 0.516276 89.039105 0.000000 -10.809478 0.195519 
765 9.135742 0.000000 0.466146 87.843635 0.000000 -11.164100 0.215886 
766 9.189453 0.000000 0.516276 84.689838 0.000000 -10.382743 0.271983 
767 9.135742 0.000000 0.566406 86.640460 0.000000 -10.232740 0.238872 
768 10.371094 0.000000 0.466146 97.430768 0.000000 -3.395780 0.049571 
769 10.585938 0.000000 0.466146 97.917457 0.000000 -3.144685 0.040228 
770 10.371094 0.000000 0.666667 97.727098 0.000000 -3.524440 0.043699 
771 10.048828 0.000000 0.365885 96.068824 0.000000 -4.317723 0.075214 
772 10.048828 0.000000 0.265625 95.444004 0.000000 -4.588806 0.086938 
773 10.156250 0.000000 0.365885 96.500434 0.000000 -3.850096 0.067284 
774 10.048828 0.000000 0.466146 96.510047 0.000000 -4.173440 0.066839 
775 9.887695 0.000000 0.416016 95.808871 0.000000 -5.048445 0.079517 
776 9.887695 0.000000 0.365885 95.498553 0.000000 -5.308187 0.085185 
777 9.941406 0.000000 0.416016 95.956921 0.000000 -4.747290 0.076973 
778 9.887695 0.000000 0.466146 96.064501 0.000000 -4.857529 0.074802 
779 9.511719 0.000000 0.867187 96.386071 0.000000 -5.198866 0.068270 
780 9.511719 0.000000 1.067708 96.696142 0.000000 -5.022183 0.062463 
781 9.619141 0.000000 0.566406 95.994851 0.000000 -5.705212 0.075244 
782 9.511719 0.000000 0.566406 95.808207 0.000000 -6.047376 0.078422 
783 9.619141 0.000000 0.666667 96.254389 0.000000 -5.271570 0.070730 
784 9.780273 0.000000 0.516276 96.069777 0.000000 -5.192221 0.074364 
785 9.726562 0.000000 0.516276 95.987724 0.000000 -5.450421 0.075665 
786 9.833984 0.000000 0.516276 96.170647 0.000000 -4.935887 0.072684 
787 9.780273 0.000000 0.566406 96.257538 0.000000 -5.024516 0.070924 
788 9.807129 0.000000 0.441081 95.772903 0.000000 -5.398602 0.079841 
789 9.780273 0.000000 0.441081 95.726824 0.000000 -5.550385 0.080557 
790 9.807129 0.000000 0.416016 95.636435 0.000000 -5.542994 0.082295 
791 9.833984 0.000000 0.441081 95.826600 0.000000 -5.228579 0.078992 
792 9.807129 0.000000 0.466146 95.897594 0.000000 -5.273984 0.077584 
793 -36.250000 0.000000 -37.833333 99.924367 0.000000 -3.878327 0.000008 
794 -50.000000 0.000000 -37.833333 99.924438 0.000000 -3.877956 0.000007 
795 -36.250000 0.000000 -50.666667 99.924667 0.000000 -3.878057 0.000002 
796 46.250000 0.000000 -37.833333 99.924778 0.000000 -3.876753 0.000001 
797 46.250000 0.000000 -50.666667 99.924917 0.000000 -3.877091 -0.000002 
798 60.000000 0.000000 -37.833333 99.924674 0.000000 -3.877003 0.000003 
799 -8.750000 0.000000 39.166667 99.925731 0.000000 -3.877117 -0.000018 
800 -22.500000 0.000000 39.166667 99.925042 0.000000 -3.876780 -0.000004 
801 -8.750000 0.000000 52.000000 99.925231 0.000000 -3.877451 -0.000009 
802 -36.250000 0.000000 39.166667 99.924693 0.000000 -3.876980 0.000002 
803 -50.000000 0.000000 39.166667 99.924617 0.000000 -3.877201 0.000004 
804 -36.250000 0.000000 52.000000 99.924830 0.000000 -3.877233 -0.000000 
805 -15.625000 0.000000 -18.583333 99.922926 0.000000 -3.883132 0.000033 
806 -22.500000 0.000000 -18.583333 99.931523 0.000000 -3.894958 -0.000148 
807 -15.625000 0.000000 -25.000000 99.924708 0.000000 -3.880805 -0.000001 
808 46.250000 0.000000 39.166667 99.924285 0.000000 -3.877982 0.000010 
809 60.000000 0.000000 39.166667 99.924396 0.000000 -3.877661 0.000008 
810 46.250000 0.000000 52.000000 99.924575 0.000000 -3.877868 0.000004 
811 25.625000 0.000000 -18.583333 99.922064 0.000000 -3.872098 0.000059 
812 25.625000 0.000000 -25.000000 99.896676 0.000000 -3.898821 0.000545 
813 32.500000 0.000000 -18.583333 99.923571 0.000000 -3.874025 0.000027 
814 -1.875000 0.000000 19.916667 99.914964 0.000000 -3.876109 0.000198 
815 -8.750000 0.000000 19.916667 99.914948 0.000000 -3.876412 0.000198 
816 -1.875000 0.000000 26.333333 99.927792 0.000000 -3.873945 -0.000057 
817 -15.625000 0.000000 19.916667 99.922422 0.000000 -3.871737 0.000052 
818 -22.500000 0.000000 19.916667 99.923611 0.000000 -3.874676 0.000026 
819 -15.625000 0.000000 26.333333 99.925373 0.000000 -3.875086 -0.000010 
820 -5.312500 0.000000 -8.958333 99.882800 0.000000 -3.921626 0.000805 
821 -8.750000 0.000000 -8.958333 99.945901 0.000000 -3.966821 -0.000492 
822 -5.312500 0.000000 -12.166667 99.984048 0.000000 -3.953672 -0.001244 
823 25.625000 0.000000 19.916667 99.923178 0.000000 -3.881981 0.000029 
824 32.500000 0.000000 19.916667 99.921848 0.000000 -3.879232 0.000058 
825 25.625000 0.000000 26.333333 99.923296 0.000000 -3.880504 0.000028 
826 15.312500 0.000000 -8.958333 99.890354 0.000000 -3.841266 0.000716 
827 15.312500 0.000000 -12.166667 99.982920 0.000000 -3.801730 -0.001104 
828 18.750000 0.000000 -8.958333 99.951034 0.000000 -3.788680 -0.000456 
829 1.562500 0.000000 10.291667 99.913562 0.000000 -3.837917 0.000255 
830 -1.875000 0.000000 10.291667 99.872000 0.000000 -3.848560 0.001077 
831 1.562500 0.000000 13.500000 99.975616 0.000000 -3.853618 -0.000997 
832 -5.312500 0.000000 10.291667 99.911236 0.000000 -3.830991 0.000307 
833 -8.750000 0.000000 10.291667 99.890331 0.000000 -3.875220 0.000690 
834 -5.312500 0.000000 13.500000 99.894369 0.000000 -3.872820 0.000612 
835 -3.593750 0.000000 -4.145833 99.738146 0.000000 -4.064947 0.003578 
836 -5.312500 0.000000 -4.145833 99.812277 0.000000 -4.019187 0.002136 
837 -3.593750 0.000000 -5.750000 99.916581 0.000000 -4.121728 -0.000031 
838 15.312500 0.000000 10.291667 99.892085 0.000000 -3.899458 0.000637 
839 18.750000 0.000000 10.291667 99.841366 0.000000 -3.813080 0.001716 
840 15.312500 0.000000 13.500000 99.865029 0.000000 -3.865046 0.001204 
841 3.281250 0.000000 5.479167 100.230623 0.000000 -3.806699 -0.006067 
842 1.562500 0.000000 5.479167 100.132281 0.000000 -3.559313 -0.003914 
843 3.281250 0.000000 7.083333 99.971110 0.000000 -3.822954 -0.000884 
844 -0.156250 0.000000 5.479167 99.863583 0.000000 -3.629081 0.001409 
845 -1.875000 0.000000 5.479167 99.837381 0.000000 -3.679105 0.001896 
846 -0.156250 0.000000 7.083333 99.866651 0.000000 -3.756475 0.001254 
847 -3.593750 0.000000 5.479167 99.807143 0.000000 -3.714418 0.002474 
848 -5.312500 0.000000 5.479167 99.784380 0.000000 -3.855387 0.002821 
849 -3.593750 0.000000 7.083333 99.843018 0.000000 -3.791806 0.001699 
850 -0.585938 0.000000 1.067708 96.734773 0.000000 -1.637240 0.063970 
851 -1.015625 0.000000 1.067708 97.465839 0.000000 -2.623280 0.049353 
852 -0.585938 0.000000 1.468750 97.769167 0.000000 -1.964812 0.043733 
853 0.273438 0.000000 -1.338542 98.734036 0.000000 -7.868692 0.018967 
854 -0.156250 0.000000 -1.338542 98.191884 0.000000 -6.861066 0.031128 
855 0.273438 0.000000 -1.739583 98.678907 0.000000 -6.451728 0.022085 
856 0.488281 0.000000 -0.736979 97.822585 0.000000 -15.204089 0.019958 
857 0.273438 0.000000 -0.736979 96.041017 0.000000 -13.697164 0.058851 
858 0.488281 0.000000 -0.937500 98.498324 0.000000 -11.633105 0.016275 
859 0.917969 0.000000 0.065104 -0.652139 0.000000 -0.065221 0.999957 
860 1.132812 0.000000 0.065104 -0.360860 0.000000 -0.026322 0.999987 
861 1.347656 0.000000 0.466146 103.772823 0.000000 13.034322 -0.093869 
862 1.347656 0.000000 0.265625 -0.012650 0.000000 -0.072191 0.999999 
863 1.347656 0.000000 0.666667 103.757243 0.000000 13.278907 -0.094189 
864 1.347656 0.000000 -0.736979 105.855638 0.000000 -12.650949 -0.136546 
865 1.347656 0.000000 -0.937500 102.368404 0.000000 -9.897115 -0.057724 
866 1.347656 0.000000 -0.536458 105.695908 0.000000 -14.215426 -0.137370 
867 1.347656 0.000000 -0.335938 -0.609507 0.000000 0.303812 0.999954 
868 1.562500 0.000000 -0.335938 -0.196741 0.000000 0.091352 0.999995 
869 1.347656 0.000000 -0.135417 -0.103528 0.000000 0.161036 0.999996 
870 -0.585938 0.000000 -1.338542 97.628446 0.000000 -5.672872 0.043651 
871 -1.015625 0.000000 -1.338542 98.148670 0.000000 -5.211403 0.033968 
872 -0.585938 0.000000 -1.739583 98.450290 0.000000 -5.484747 0.027746 
873 2.851562 0.000000 1.067708 102.059900 0.000000 -0.546891 -0.041652 
874 3.281250 0.000000 1.067708 102.268229 0.000000 -1.446584 -0.046088 
875 2.851562 0.000000 1.468750 101.557058 0.000000 -1.670236 -0.031663 
876 2.851562 0.000000 -1.338542 101.473531 0.000000 -4.375883 -0.031603 
877 2.851562 0.000000 -1.739583 101.027759 0.000000 -4.614039 -0.022790 
878 3.281250 0.000000 -1.338542 101.599162 0.000000 -3.603903 -0.033538 
879 1.777344 0.000000 -0.335938 0.466125 0.000000 -0.057876 0.999978 
880 1.992188 0.000000 -0.335938 105.194977 0.000000 -7.535059 -0.112276 
881 1.777344 0.000000 -0.135417 0.598500 0.000000 0.336712 0.999953 
882 5.859375 0.000000 3.072917 100.198595 0.000000 -4.697443 -0.006182 
883 5.000000 0.000000 3.072917 100.460958 0.000000 -4.404516 -0.011180 
884 5.859375 0.000000 3.875000 100.562361 0.000000 -4.501174 -0.013305 
885 3.710938 0.000000 1.067708 102.166163 0.000000 -2.176810 -0.044266 
886 3.710938 0.000000 1.468750 101.718525 0.000000 -2.964870 -0.035545 
887 3.710938 0.000000 -1.338542 101.335592 0.000000 -3.066498 -0.027831 
888 3.710938 0.000000 -1.739583 101.092315 0.000000 -3.536480 -0.023216 
889 4.785156 0.000000 0.466146 105.232906 0.000000 -1.770977 -0.107710 
890 4.785156 0.000000 0.265625 105.244862 0.000000 -1.091967 -0.107767 
891 4.785156 0.000000 0.666667 105.247622 0.000000 -0.625041 -0.107745 
892 6.289062 0.000000 1.067708 100.560992 0.000000 -8.213747 -0.017998 
893 6.289062 0.000000 1.468750 100.432557 0.000000 -6.745235 -0.013220 
894 4.785156 0.000000 -0.736979 104.891103 0.000000 -0.276584 -0.100222 
895 4.785156 0.000000 -0.937500 104.900788 0.000000 -0.318726 -0.100428 
896 4.785156 0.000000 -0.536458 104.938851 0.000000 -0.352183 -0.101229 
897 6.289062 0.000000 -1.338542 100.701626 0.000000 0.004477 -0.014082 
898 6.289062 0.000000 -1.739583 100.644734 0.000000 -1.445967 -0.013145 
899 6.718750 0.000000 -1.338542 100.351922 0.000000 -0.063843 -0.007051 
900 13.593750 0.000000 -4.145833 99.830098 0.000000 -3.625096 0.002081 
901 13.593750 0.000000 -5.750000 99.884898 0.000000 -3.713406 0.000922 
902 15.312500 0.000000 -4.145833 99.841846 0.000000 -3.702749 0.001790 
903 13.593750 0.000000 5.479167 99.791397 0.000000 -3.909352 0.002639 
904 15.312500 0.000000 5.479167 99.827970 0.000000 -3.881859 0.001931 
905 13.593750 0.000000 7.083333 99.855398 0.000000 -3.923786 0.001350 
906 8.007812 0.000000 1.067708 104.943799 0.000000 -7.974544 -0.107679 
907 7.148438 0.000000 1.869792 98.740424 0.000000 -5.110456 0.022421 
908 6.718750 0.000000 1.869792 99.389559 0.000000 -5.805930 0.008801 
909 7.148438 0.000000 2.270833 98.997389 0.000000 -5.025187 0.017426 
910 6.933594 0.000000 0.065104 5.660377 0.000000 -1.163869 0.996661 
911 6.718750 0.000000 0.065104 4.428273 0.000000 -0.667722 0.997994 
912 7.148438 0.000000 0.065104 8.867395 0.000000 -2.038605 0.991721 
913 7.148438 0.000000 -1.338542 100.209196 0.000000 -0.132432 -0.004190 
914 7.148438 0.000000 -1.739583 99.993298 0.000000 -1.544649 -0.000105 
915 7.578125 0.000000 -1.338542 99.923941 0.000000 -0.228486 0.001515 
916 7.363281 0.000000 -0.335938 103.246657 0.000000 10.612645 -0.077250 
917 7.363281 0.000000 -0.536458 103.041403 0.000000 11.528700 -0.075044 
918 7.363281 0.000000 -0.135417 12.641622 0.000000 -0.746794 0.983963 
919 9.511719 0.000000 -0.335938 94.341496 0.000000 3.908069 0.108441 
920 9.511719 0.000000 -0.536458 96.003631 0.000000 2.005532 0.077928 
921 8.652344 0.000000 0.065104 103.764119 0.000000 -11.504039 -0.089934 
922 8.437500 0.000000 0.065104 109.616320 0.000000 -9.485225 -0.210571 
923 8.652344 0.000000 -0.135417 100.963301 0.000000 11.487407 -0.032555 
924 9.619141 0.000000 0.165365 101.564345 0.000000 -18.576308 -0.066040 
925 9.511719 0.000000 0.165365 101.143975 0.000000 -17.307996 -0.052967 
926 9.619141 0.000000 0.065104 100.362660 0.000000 -9.882303 -0.017032 
927 10.585938 0.000000 1.869792 98.985904 0.000000 -4.340204 0.018295 
928 11.015625 0.000000 1.869792 99.204864 0.000000 -4.122089 0.014140 
929 10.585938 0.000000 2.270833 99.305936 0.000000 -4.489229 0.011818 
930 10.048828 0.000000 0.165365 94.478005 0.000000 -5.073149 0.104817 
931 10.156250 0.000000 0.165365 95.612189 0.000000 -4.202797 0.084065 
932 10.371094 0.000000 -0.335938 97.199448 0.000000 -2.160755 0.054760 
933 10.371094 0.000000 -0.536458 97.622244 0.000000 -1.515471 0.046760 
934 10.585938 0.000000 -0.335938 97.777634 0.000000 -2.466090 0.043345 
935 9.511719 0.000000 1.268229 96.952925 0.000000 -5.038949 0.057474 
936 9.296875 0.000000 1.268229 81.561164 0.000000 -7.272173 0.329489 
937 9.726562 0.000000 1.268229 97.553089 0.000000 -4.658718 0.046169 
938 10.048828 0.000000 0.566406 96.841022 0.000000 -4.100912 0.060500 
939 10.156250 0.000000 0.566406 97.133100 0.000000 -3.835529 0.055045 
940 10.048828 0.000000 0.666667 97.074878 0.000000 -4.032983 0.056020 
941 8.007812 0.000000 2.671875 99.608998 0.000000 -4.662453 0.005631 
942 7.578125 0.000000 2.671875 99.536926 0.000000 -4.904309 0.006835 
943 8.007812 0.000000 3.072917 99.947896 0.000000 -4.885760 -0.001345 
944 8.652344 0.000000 2.471354 100.114210 0.000000 -5.334792 -0.005132 
945 8.437500 0.000000 2.471354 100.162246 0.000000 -4.936359 -0.005684 
946 8.652344 0.000000 2.671875 99.931942 0.000000 -5.167271 -0.001309 
947 8.652344 0.000000 0.867187 101.513389 0.000000 -8.283775 -0.037359 
948 8.437500 0.000000 0.867187 102.389157 0.000000 -8.222622 -0.055115 
949 8.652344 0.000000 1.067708 102.002951 0.000000 -8.124883 -0.047062 
950 9.082031 0.000000 1.268229 88.879447 0.000000 -8.285629 0.203179 
951 8.867188 0.000000 1.268229 98.162895 0.000000 -8.463353 0.029242 
952 8.652344 0.000000 1.268229 102.357889 0.000000 -7.884270 -0.053930 
953 8.437500 0.000000 1.268229 103.817603 0.000000 -7.813969 -0.083915 
954 10.585938 0.000000 2.671875 99.383398 0.000000 -4.379293 0.010376 
955 11.015625 0.000000 2.671875 99.484933 0.000000 -4.316071 0.008412 
956 10.585938 0.000000 3.072917 99.639052 0.000000 -4.449126 0.005226 
957 9.511719 0.000000 2.471354 99.350885 0.000000 -5.165354 0.010272 
958 9.726562 0.000000 2.471354 99.261869 0.000000 -4.902618 0.012305 
959 9.511719 0.000000 2.671875 99.373754 0.000000 -4.914057 0.010071 
960 9.135742 0.000000 2.120443 98.880455 0.000000 -7.173437 0.017120 
961 9.189453 0.000000 2.120443 98.639510 0.000000 -6.889547 0.022278 
962 9.135742 0.000000 2.170573 99.079815 0.000000 -6.742855 0.013772 
963 9.108887 0.000000 2.045247 98.886817 0.000000 -8.831675 0.014340 
964 9.135742 0.000000 2.045247 98.372200 0.000000 -8.808460 0.024532 
965 9.108887 0.000000 2.070312 98.892793 0.000000 -8.091786 0.015474 
966 8.974609 0.000000 0.365885 90.626635 0.000000 -12.522966 0.162999 
967 8.867188 0.000000 0.365885 96.720502 0.000000 -11.372448 0.051581 
968 8.974609 0.000000 0.265625 90.108589 0.000000 -14.070448 0.168246 
969 9.404297 0.000000 0.365885 95.265772 0.000000 -8.334453 0.085497 
970 9.404297 0.000000 0.265625 99.960532 0.000000 -17.670107 -0.030434 
971 9.404297 0.000000 0.466146 95.374716 0.000000 -7.127379 0.085286 
972 9.404297 0.000000 0.566406 95.549922 0.000000 -6.440112 0.082874 
973 9.404297 0.000000 0.666667 95.706109 0.000000 -5.971506 0.080468 
974 10.371094 0.000000 0.867187 97.976447 0.000000 -3.688434 0.038701 
975 10.585938 0.000000 0.867187 98.219490 0.000000 -3.510110 0.034061 
976 10.371094 0.000000 1.067708 98.195451 0.000000 -3.890687 0.034252 
977 9.887695 0.000000 0.516276 96.286759 0.000000 -4.716144 0.070662 
978 9.941406 0.000000 0.516276 96.408237 0.000000 -4.520138 0.068502 
979 9.887695 0.000000 0.566406 96.471720 0.000000 -4.605764 0.067199 
980 4.140625 0.000000 3.072917 100.716310 0.000000 -3.834807 -0.015848 
981 3.281250 0.000000 3.072917 100.839093 0.000000 -3.426187 -0.018026 
982 4.140625 0.000000 3.875000 100.593498 0.000000 -3.905860 -0.013431 
983 2.421875 0.000000 3.072917 100.503344 0.000000 -3.059115 -0.011028 
984 1.562500 0.000000 3.072917 100.183342 0.000000 -2.832451 -0.004472 
985 2.421875 0.000000 3.875000 100.494245 0.000000 -3.320202 -0.011012 
986 0.058594 0.000000 -0.736979 95.120524 0.000000 -11.418990 0.082169 
987 -0.156250 0.000000 -0.736979 95.119246 0.000000 -9.214960 0.086741 
988 0.058594 0.000000 -0.937500 96.798810 0.000000 -9.532277 0.053913 
989 1.347656 0.000000 0.065104 -0.034527 0.000000 0.067812 0.999999 
990 1.562500 0.000000 0.065104 0.328682 0.000000 0.201653 0.999985 
991 1.777344 0.000000 0.065104 0.803934 0.000000 0.458962 0.999914 
992 1.992188 0.000000 0.065104 1.677781 0.000000 0.822691 0.999651 
993 2.207031 0.000000 0.065104 3.334119 0.000000 1.278105 0.998725 
994 2.207031 0.000000 -0.135417 2.993143 0.000000 0.647511 0.999062 
995 2.421875 0.000000 0.065104 5.721962 0.000000 1.717404 0.996431 
996 2.207031 0.000000 -0.335938 104.809944 0.000000 -5.701669 -0.101763 
997 2.421875 0.000000 -0.335938 4.993977 0.000000 0.331305 0.997495 
998 6.289062 0.000000 1.869792 100.216528 0.000000 -5.871250 -0.007782 
999 5.859375 0.000000 1.869792 100.813058 0.000000 -5.697716 -0.019574 
1000 6.289062 0.000000 2.270833 100.105381 0.000000 -5.340579 -0.004961 
1001 5.429688 0.000000 1.869792 101.234331 0.000000 -5.203317 -0.027546 
1002 5.000000 0.000000 1.869792 101.420295 0.000000 -4.572771 -0.030699 
1003 5.429688 0.000000 2.270833 100.434475 0.000000 -4.964358 -0.011173 
1004 7.363281 0.000000 0.065104 13.365021 0.000000 -2.089229 0.981701 
1005 7.578125 0.000000 0.065104 17.486381 0.000000 -0.998753 0.969323 
1006 7.363281 0.000000 0.265625 99.552916 0.000000 -12.898478 -0.007715 
1007 7.363281 0.000000 0.466146 97.049206 0.000000 -5.773796 0.054811 
1008 7.578125 0.000000 0.466146 96.387619 0.000000 -9.261079 0.062366 
1009 7.363281 0.000000 0.666667 72.197982 0.000000 8.714058 0.471152 
1010 8.007812 0.000000 -1.338542 99.478105 0.000000 0.084977 0.010410 
1011 8.007812 0.000000 -1.739583 99.531775 0.000000 -1.238332 0.009189 
1012 8.437500 0.000000 -1.338542 99.207865 0.000000 0.042089 0.015780 
1013 7.792969 0.000000 0.065104 20.548736 0.000000 -0.673928 0.957730 
1014 8.007812 0.000000 0.065104 22.007236 0.000000 -0.170448 0.951565 
1015 7.792969 0.000000 0.265625 98.268619 0.000000 -12.454510 0.018816 
1016 8.222656 0.000000 0.065104 99.985631 0.000000 -11.406594 -0.012724 
1017 8.222656 0.000000 -0.135417 103.762523 0.000000 12.913651 -0.093342 
1018 8.222656 0.000000 0.265625 100.473088 0.000000 -11.422495 -0.022531 
1019 8.222656 0.000000 0.466146 101.384542 0.000000 -10.571675 -0.039059 
1020 8.007812 0.000000 0.466146 103.180757 0.000000 -13.313117 -0.082351 
1021 8.222656 0.000000 0.666667 102.642904 0.000000 -9.054935 -0.061756 
1022 7.792969 0.000000 0.466146 103.253923 0.000000 -11.936522 -0.080385 
1023 7.792969 0.000000 0.666667 102.974955 0.000000 -9.992553 -0.070369 
1024 8.867188 0.000000 -1.338542 98.913361 0.000000 -0.186647 0.021611 
1025 8.867188 0.000000 -1.739583 99.351151 0.000000 -1.112994 0.012811 
1026 9.296875 0.000000 -1.338542 98.664754 0.000000 -0.491584 0.026502 
1027 8.652344 0.000000 -0.335938 100.697750 0.000000 14.112669 -0.033920 
1028 8.437500 0.000000 -0.335938 102.919151 0.000000 13.793184 -0.078260 
1029 8.652344 0.000000 -0.536458 97.565933 0.000000 6.369940 0.044031 
1030 9.619141 0.000000 -0.035156 99.089705 0.000000 -0.901958 0.018042 
1031 9.511719 0.000000 -0.035156 98.170051 0.000000 2.002855 0.035863 
1032 9.619141 0.000000 -0.135417 97.429565 0.000000 11.734778 0.036977 
1033 9.404297 0.000000 0.165365 99.820213 0.000000 -17.336962 -0.026465 
1034 9.296875 0.000000 0.165365 98.211445 0.000000 -16.551787 0.008055 
1035 9.404297 0.000000 0.065104 98.927166 0.000000 -9.743312 0.011848 
1036 9.941406 0.000000 1.268229 97.841445 0.000000 -4.330869 0.040830 
1037 10.156250 0.000000 1.268229 98.161778 0.000000 -4.236914 0.034631 
1038 9.941406 0.000000 1.468750 98.131139 0.000000 -4.568043 0.034941 
1039 9.941406 0.000000 1.669271 98.420437 0.000000 -4.654265 0.029176 
1040 10.156250 0.000000 1.669271 98.575243 0.000000 -4.467426 0.026296 
1041 9.941406 0.000000 1.869792 98.649536 0.000000 -4.761245 0.024560 
1042 9.941406 0.000000 2.070312 98.821406 0.000000 -4.744363 0.021182 
1043 10.156250 0.000000 2.070312 99.009323 0.000000 -4.667518 0.017537 
1044 9.941406 0.000000 2.270833 99.122052 0.000000 -4.835660 0.015144 
1045 7.148438 0.000000 2.671875 99.592040 0.000000 -4.958339 0.005684 
1046 6.718750 0.000000 2.671875 99.628145 0.000000 -4.980120 0.004943 
1047 7.148438 0.000000 3.072917 99.657050 0.000000 -4.942768 0.004404 
1048 9.941406 0.000000 2.471354 99.245301 0.000000 -4.705268 0.012823 
1049 10.156250 0.000000 2.471354 99.320118 0.000000 -4.624010 0.011413 
1050 9.941406 0.000000 2.671875 99.438502 0.000000 -4.704122 0.008986 
1051 9.189453 0.000000 0.165365 95.353613 0.000000 -15.208617 0.067639 
1052 9.082031 0.000000 0.165365 93.452635 0.000000 -14.389314 0.105955 
1053 9.189453 0.000000 0.065104 97.156838 0.000000 -11.715129 0.042330 
1054 8.974609 0.000000 0.165365 94.601454 0.000000 -13.784102 0.086056 
1055 8.867188 0.000000 0.165365 98.216677 0.000000 -12.535388 0.019635 
1056 8.974609 0.000000 0.065104 96.060037 0.000000 -10.132914 0.066979 
1057 10.371094 0.000000 1.268229 98.326247 0.000000 -4.049761 0.031555 
1058 10.585938 0.000000 1.268229 98.532609 0.000000 -3.885967 0.027622 
1059 10.371094 0.000000 1.468750 98.552389 0.000000 -4.187983 0.026989 
1060 6.289062 0.000000 2.671875 99.840318 0.000000 -4.985713 0.000705 
1061 5.859375 0.000000 2.671875 100.071681 0.000000 -4.929390 -0.003864 
1062 6.289062 0.000000 3.072917 99.947383 0.000000 -4.822712 -0.001274 
1063 8.222656 0.000000 0.867187 103.306028 0.000000 -8.784048 -0.074929 
1064 8.007812 0.000000 0.867187 104.251504 0.000000 -9.569840 -0.095996 
1065 8.222656 0.000000 1.067708 104.262661 0.000000 -8.357444 -0.094055 
1066 8.222656 0.000000 1.268229 105.213149 0.000000 -8.019677 -0.113412 
1067 8.007812 0.000000 1.268229 100.990757 0.000000 -3.404859 -0.021073 
1068 8.222656 0.000000 1.468750 105.815903 0.000000 -7.838679 -0.125845 
1069 10.371094 0.000000 1.669271 98.718590 0.000000 -4.279047 0.023633 
1070 10.585938 0.000000 1.669271 98.867898 0.000000 -4.218874 0.020734 
1071 10.371094 0.000000 1.869792 98.881484 0.000000 -4.362011 0.020343 
1072 10.371094 0.000000 2.070312 99.015906 0.000000 -4.428240 0.017624 
1073 10.585938 0.000000 2.070312 99.158846 0.000000 -4.421433 0.014797 
1074 10.371094 0.000000 2.270833 99.121013 0.000000 -4.425438 0.015544 
1075 10.371094 0.000000 2.471354 99.385620 0.000000 -4.600660 0.010133 
1076 10.585938 0.000000 2.471354 99.400613 0.000000 -4.513376 0.009915 
1077 10.371094 0.000000 2.671875 99.475710 0.000000 -4.609280 0.008334 
1078 0.703125 0.000000 3.072917 99.872901 0.000000 -2.650810 0.001838 
1079 -0.156250 0.000000 3.072917 99.585012 0.000000 -2.809023 0.007493 
1080 0.703125 0.000000 3.875000 100.009038 0.000000 -3.147414 -0.001171 
1081 -1.015625 0.000000 3.072917 99.480983 0.000000 -3.150566 0.009361 
1082 -1.875000 0.000000 3.072917 99.433122 0.000000 -3.489700 0.010088 
1083 -1.015625 0.000000 3.875000 99.685221 0.000000 -3.353603 0.005161 
1084 4.570312 0.000000 1.869792 101.022963 0.000000 -4.150234 -0.022286 
1085 4.140625 0.000000 1.869792 101.282640 0.000000 -3.812099 -0.027271 
1086 4.570312 0.000000 2.270833 100.725769 0.000000 -4.154416 -0.016294 
1087 3.710938 0.000000 1.869792 101.395752 0.000000 -3.321152 -0.029213 
1088 3.281250 0.000000 1.869792 101.357238 0.000000 -2.843512 -0.028138 
1089 3.710938 0.000000 2.270833 101.115983 0.000000 -3.439045 -0.023627 
1090 8.222656 0.000000 -0.335938 103.722497 0.000000 13.576121 -0.094267 
1091 8.222656 0.000000 -0.536458 103.954392 0.000000 13.640471 -0.099258 
1092 9.726562 0.000000 -1.338542 98.540254 0.000000 -1.263185 0.028822 
1093 9.726562 0.000000 -1.739583 99.065292 0.000000 -1.849972 0.018265 
1094 10.156250 0.000000 -1.338542 98.701973 0.000000 -1.698504 0.025504 
1095 9.404297 0.000000 -0.035156 97.516659 0.000000 -0.950332 0.048960 
1096 9.296875 0.000000 -0.035156 96.321000 0.000000 -2.544494 0.071579 
1097 9.404297 0.000000 -0.135417 95.723522 0.000000 11.891028 0.069561 
1098 10.585938 0.000000 -1.338542 98.845651 0.000000 -2.211953 0.022464 
1099 10.585938 0.000000 -1.739583 99.079380 0.000000 -2.638598 0.017631 
1100 11.015625 0.000000 -1.338542 99.016661 0.000000 -2.543050 0.018923 
1101 8.222656 0.000000 1.669271 106.181166 0.000000 -7.634472 -0.133273 
1102 8.007812 0.000000 1.669271 88.821332 0.000000 6.468048 0.206894 
1103 8.222656 0.000000 1.869792 104.806024 0.000000 -5.363487 -0.101307 
1104 8.222656 0.000000 2.070312 102.321566 0.000000 1.056539 -0.047082 
1105 8.007812 0.000000 2.070312 97.525255 0.000000 -1.162002 0.048747 
1106 8.222656 0.000000 2.270833 100.233567 0.000000 -3.633052 -0.005997 
1107 9.189453 0.000000 -0.035156 96.359236 0.000000 0.359070 0.071477 
1108 9.082031 0.000000 -0.035156 95.746721 0.000000 3.621264 0.081945 
1109 9.189453 0.000000 -0.135417 95.366533 0.000000 9.782572 0.080953 
1110 5.429688 0.000000 2.671875 100.323732 0.000000 -4.718363 -0.008711 
1111 5.000000 0.000000 2.671875 100.598088 0.000000 -4.436160 -0.013965 
1112 5.429688 0.000000 3.072917 100.499718 0.000000 -4.487854 -0.012033 
1113 7.792969 0.000000 0.867187 98.990633 0.000000 -5.479959 0.017082 
1114 7.578125 0.000000 0.867187 86.126989 0.000000 3.706234 0.256841 
1115 7.792969 0.000000 1.067708 96.698109 0.000000 -1.414832 0.064747 
1116 7.792969 0.000000 1.268229 89.459529 0.000000 5.436878 0.196743 
1117 7.578125 0.000000 1.268229 80.537401 0.000000 11.428007 0.338313 
1118 7.792969 0.000000 1.468750 81.983076 0.000000 10.996775 0.315785 
1119 8.222656 0.000000 2.471354 99.891346 0.000000 -4.477637 0.000167 
1120 8.007812 0.000000 2.471354 99.613889 0.000000 -4.353172 0.005812 
1121 8.222656 0.000000 2.671875 99.825497 0.000000 -4.864064 0.001121 
1122 4.570312 0.000000 2.671875 100.770009 0.000000 -4.063438 -0.017111 
1123 4.140625 0.000000 2.671875 100.901069 0.000000 -3.793139 -0.019541 
1124 4.570312 0.000000 3.072917 100.752657 0.000000 -4.068389 -0.016765 
1 11 62 60 61 
2 62 10 24 60 
3 60 24 14 63 
4 61 60 63 6 
5 24 66 64 65 
6 66 23 40 64 
7 64 40 27 67 
8 65 64 67 14 
9 40 70 68 69 
10 69 68 71 27 
11 6 63 92 93 
12 63 14 36 92 
13 92 36 19 94 
14 93 92 94 20 
15 14 67 95 96 
16 67 27 52 95 
17 95 52 35 97 
18 96 95 97 36 
19 27 71 98 99 
20 99 98 100 52 
21 68 112 110 111 
22 112 56 80 110 
23 110 80 43 113 
24 111 110 113 71 
25 80 116 114 115 
26 115 114 117 43 
27 124 126 103 127 
28 125 124 127 101 
29 71 113 133 134 
30 113 43 102 133 
31 133 102 76 135 
32 134 133 135 98 
33 43 117 136 137 
34 136 125 101 138 
35 137 136 138 102 
36 114 141 139 140 
37 141 106 129 139 
38 139 129 83 142 
39 140 139 142 117 
40 12 145 143 144 
41 145 7 146 143 
42 143 146 13 25 
43 144 143 25 10 
44 25 149 147 148 
45 149 13 150 147 
46 147 150 26 41 
47 148 147 41 23 
48 41 153 151 152 
49 153 26 154 151 
50 151 154 42 57 
51 152 151 57 39 
52 39 157 155 156 
53 157 57 158 155 
54 155 158 55 81 
55 156 155 81 56 
56 81 161 159 160 
57 161 55 162 159 
58 106 169 167 168 
59 169 130 170 167 
60 168 167 171 129 
61 130 181 180 170 
62 181 105 182 180 
63 180 182 131 183 
64 170 180 183 128 
65 83 132 184 185 
66 132 109 186 184 
67 184 186 124 187 
68 185 184 187 125 
69 129 171 188 189 
70 171 128 190 188 
71 188 190 132 191 
72 189 188 191 83 
73 167 194 192 193 
74 194 170 195 192 
75 192 195 128 196 
76 193 192 196 171 
77 163 202 200 201 
78 202 166 203 200 
79 200 203 105 181 
80 56 206 204 205 
81 206 81 160 204 
82 205 204 116 80 
83 116 209 207 208 
84 209 79 164 207 
85 207 164 106 141 
86 208 207 141 114 
87 164 212 210 211 
88 212 163 201 210 
89 210 201 130 169 
90 211 210 169 106 
91 201 215 213 214 
92 215 200 216 213 
93 213 216 181 217 
94 214 213 217 130 
95 128 183 218 190 
96 183 131 219 218 
97 218 219 109 220 
98 190 218 220 132 
99 221 222 121 223 
100 126 221 223 103 
101 109 179 224 186 
102 179 59 225 224 
103 224 225 126 226 
104 186 224 226 124 
105 131 228 227 219 
106 228 176 229 227 
107 227 229 179 230 
108 219 227 230 109 
109 232 197 233 231 
110 231 233 177 234 
111 203 231 234 105 
112 57 236 235 158 
113 236 42 237 235 
114 235 237 58 89 
115 158 235 89 55 
116 55 239 238 162 
117 239 89 240 238 
118 159 243 241 242 
119 243 162 244 241 
120 241 244 82 198 
121 242 241 198 107 
122 107 247 245 246 
123 247 198 248 245 
124 245 248 197 232 
125 246 245 232 166 
126 166 251 249 250 
127 251 232 252 249 
128 249 252 231 253 
129 250 249 253 203 
130 59 257 258 225 
131 257 175 259 258 
132 258 259 221 260 
133 225 258 260 126 
134 178 263 261 262 
135 263 254 264 261 
136 261 264 257 265 
137 262 261 265 59 
138 162 270 269 244 
139 270 238 271 269 
140 269 271 173 267 
141 244 269 267 82 
142 82 274 272 273 
143 274 267 275 272 
144 272 275 266 276 
145 273 272 276 199 
146 172 286 285 256 
147 286 174 287 285 
148 285 287 91 288 
149 256 285 288 175 
150 254 290 289 264 
151 290 256 291 289 
152 289 291 175 292 
153 264 289 292 257 
154 173 294 293 268 
155 294 88 295 293 
156 293 295 174 286 
157 268 293 286 172 
158 267 297 296 275 
159 297 173 298 296 
160 296 298 268 299 
161 275 296 299 266 
162 174 307 306 287 
163 307 281 308 306 
164 306 308 284 309 
165 287 306 309 91 
166 89 311 310 240 
167 311 58 312 310 
168 88 314 313 295 
169 314 282 315 313 
170 313 315 281 307 
171 295 313 307 174 
172 281 321 320 308 
173 321 283 322 320 
174 284 323 327 328 
175 323 5 329 327 
176 327 329 304 330 
177 328 327 330 303 
178 308 333 331 332 
179 333 320 334 331 
180 331 334 323 335 
181 332 331 335 284 
182 336 338 283 321 
183 315 336 321 281 
184 7 340 339 146 
185 340 16 341 339 
186 339 341 15 32 
187 146 339 32 13 
188 13 343 342 150 
189 343 32 344 342 
190 342 344 31 48 
191 150 342 48 26 
192 26 346 345 154 
193 346 48 347 345 
194 345 347 47 85 
195 154 345 85 42 
196 42 349 348 237 
197 349 85 350 348 
198 348 350 84 278 
199 237 348 278 58 
200 58 352 351 312 
201 352 278 353 351 
202 310 356 354 355 
203 356 312 357 354 
204 354 357 90 337 
205 355 354 337 282 
206 282 360 358 359 
207 360 337 361 358 
208 358 361 336 362 
209 359 358 362 315 
210 283 364 363 322 
211 364 316 365 363 
212 5 366 367 329 
213 366 319 368 367 
214 367 368 324 369 
215 329 367 369 304 
216 322 372 370 371 
217 372 363 373 370 
218 370 373 366 374 
219 371 370 374 5 
220 375 377 316 364 
221 338 375 364 283 
222 312 379 378 357 
223 379 351 380 378 
224 378 380 317 376 
225 357 378 376 90 
226 90 383 381 382 
227 383 376 384 381 
228 381 384 375 385 
229 382 381 385 338 
230 15 387 386 33 
231 387 17 388 386 
232 386 388 8 389 
233 33 386 389 18 
234 31 391 390 49 
235 391 33 392 390 
236 390 392 18 393 
237 49 390 393 34 
238 395 49 396 394 
239 394 396 34 397 
240 316 407 406 365 
241 407 318 408 406 
242 406 408 280 409 
243 365 406 409 319 
244 363 411 410 373 
245 411 365 412 410 
246 410 412 319 413 
247 373 410 413 366 
248 317 415 414 377 
249 415 277 416 414 
250 414 416 318 407 
251 377 414 407 316 
252 376 418 417 384 
253 418 317 419 417 
254 417 419 377 420 
255 384 417 420 375 
256 18 389 421 45 
257 389 8 422 421 
258 421 422 29 423 
259 45 421 423 28 
260 34 393 424 73 
261 393 18 425 424 
262 424 425 45 426 
263 73 424 426 44 
264 397 34 428 427 
265 427 428 73 429 
266 280 439 440 441 
267 439 405 442 440 
268 440 442 433 443 
269 441 440 443 325 
270 408 446 444 445 
271 446 436 447 444 
272 444 447 439 448 
273 445 444 448 280 
274 278 450 449 353 
275 450 84 451 449 
276 277 453 452 416 
277 453 403 454 452 
278 416 457 455 456 
279 457 452 458 455 
280 455 458 437 459 
281 456 455 459 318 
282 403 465 464 454 
283 465 279 466 464 
284 454 473 471 472 
285 473 464 474 471 
286 471 474 467 475 
287 472 471 475 402 
288 85 477 476 350 
289 477 47 478 476 
290 476 478 86 399 
291 350 476 399 84 
292 84 480 479 451 
293 480 399 481 479 
294 279 483 482 466 
295 483 461 484 482 
296 86 487 486 400 
297 487 394 488 486 
298 486 488 397 489 
299 400 486 489 50 
300 491 400 492 490 
301 490 492 50 493 
302 461 495 494 484 
303 495 398 496 494 
304 482 506 504 505 
305 506 484 507 504 
306 504 507 460 508 
307 505 504 508 485 
308 50 489 517 431 
309 489 397 518 517 
310 517 518 427 519 
311 431 517 519 119 
312 493 50 521 520 
313 520 521 431 522 
314 524 490 525 523 
315 523 525 493 526 
316 399 532 531 481 
317 532 86 533 531 
318 531 533 400 491 
319 398 535 534 496 
320 535 491 536 534 
321 534 536 490 524 
322 494 539 537 538 
323 539 496 540 537 
324 537 540 462 528 
325 538 537 528 497 
326 497 543 541 542 
327 543 528 544 541 
328 542 541 545 515 
329 462 547 546 529 
330 547 524 548 546 
331 546 548 523 549 
332 529 546 549 510 
333 528 551 550 544 
334 551 462 552 550 
335 550 552 529 553 
336 544 550 553 527 
337 515 545 562 563 
338 545 527 564 562 
339 562 564 530 565 
340 563 562 565 509 
341 541 568 566 567 
342 568 544 569 566 
343 566 569 527 570 
344 567 566 570 545 
345 21 46 571 572 
346 46 28 573 571 
347 571 573 30 574 
348 572 571 574 9 
349 37 74 575 576 
350 74 44 577 575 
351 575 577 46 578 
352 576 575 578 21 
353 53 120 579 580 
354 120 72 581 579 
355 579 581 74 582 
356 580 579 582 37 
357 118 432 583 584 
358 432 119 585 583 
359 583 585 72 586 
360 584 583 586 120 
361 587 589 432 590 
362 588 587 590 118 
363 77 302 599 600 
364 302 118 584 599 
365 599 584 120 601 
366 600 599 601 53 
367 602 588 118 604 
368 603 602 604 302 
369 605 607 587 608 
370 606 605 608 588 
371 593 618 616 617 
372 618 498 619 616 
373 522 431 621 620 
374 620 621 119 622 
375 589 620 622 432 
376 623 624 589 625 
377 607 623 625 587 
378 594 627 626 612 
379 627 596 628 626 
380 626 628 598 629 
381 612 626 629 500 
382 632 594 633 630 
383 630 633 612 634 
384 433 637 635 636 
385 636 635 638 435 
386 592 641 639 640 
387 641 591 610 639 
388 639 610 595 642 
389 640 639 642 301 
390 591 645 643 644 
391 644 643 646 610 
392 595 613 647 648 
393 613 500 649 647 
394 647 649 607 650 
395 648 647 650 605 
396 634 612 653 651 
397 651 653 500 654 
398 652 651 654 613 
399 657 630 658 655 
400 655 658 634 659 
401 610 646 660 661 
402 660 652 613 662 
403 661 660 662 595 
404 643 665 663 664 
405 664 663 666 646 
406 434 669 667 668 
407 669 593 617 667 
408 667 617 591 641 
409 668 667 641 592 
410 617 672 670 671 
411 672 616 673 670 
412 670 673 611 645 
413 671 670 645 591 
414 645 676 674 675 
415 676 611 677 674 
416 674 677 631 665 
417 675 674 665 643 
418 665 680 678 679 
419 680 631 681 678 
420 679 678 682 663 
421 498 684 683 619 
422 684 557 685 683 
423 683 685 596 627 
424 619 683 627 594 
425 616 687 686 673 
426 687 619 688 686 
427 686 688 594 632 
428 673 686 632 611 
429 611 690 689 677 
430 690 632 691 689 
431 689 691 630 657 
432 677 689 657 631 
433 631 693 692 681 
434 693 657 694 692 
435 692 694 655 695 
436 681 692 695 656 
437 646 666 696 697 
438 666 609 698 696 
439 696 698 652 699 
440 697 696 699 660 
441 663 682 700 701 
442 682 656 702 700 
443 700 702 609 703 
444 701 700 703 666 
445 678 706 704 705 
446 706 681 707 704 
447 704 707 656 708 
448 705 704 708 682 
449 485 508 714 715 
450 711 720 718 719 
451 720 502 721 718 
452 718 721 712 722 
453 719 718 722 709 
454 509 565 723 724 
455 565 530 725 723 
456 516 729 727 728 
457 729 509 724 727 
458 727 724 559 730 
459 728 727 730 716 
460 526 493 732 731 
461 731 732 520 733 
462 511 561 734 735 
463 561 401 736 734 
464 734 736 556 737 
465 735 734 737 554 
466 738 740 561 741 
467 739 738 741 511 
468 724 744 742 743 
469 744 723 745 742 
470 743 742 746 559 
471 503 713 747 748 
472 713 463 749 747 
473 747 749 555 750 
474 748 747 750 614 
475 722 712 753 751 
476 751 753 463 754 
477 752 751 754 713 
478 469 757 755 756 
479 757 501 710 755 
480 755 710 503 758 
481 756 755 758 87 
482 710 761 759 760 
483 761 709 752 759 
484 759 752 713 762 
485 760 759 762 503 
486 709 765 763 764 
487 765 722 766 763 
488 763 766 751 767 
489 764 763 767 752 
490 510 549 768 560 
491 549 523 769 768 
492 768 769 526 770 
493 560 768 770 401 
494 530 772 771 725 
495 772 510 773 771 
496 771 773 560 774 
497 725 771 774 558 
498 723 776 775 745 
499 776 725 777 775 
500 775 777 558 778 
501 745 775 778 726 
502 463 717 779 749 
503 717 511 735 779 
504 779 735 554 780 
505 749 779 780 555 
506 716 730 781 782 
507 730 559 739 781 
508 781 739 511 783 
509 782 781 783 717 
510 559 746 784 785 
511 746 726 786 784 
512 784 786 738 787 
513 785 784 787 739 
514 742 790 788 789 
515 790 745 791 788 
516 788 791 726 792 
517 789 788 792 746 
518 1 795 793 794 
519 795 12 144 793 
520 793 144 10 62 
521 794 793 62 11 
522 16 797 796 341 
523 797 2 798 796 
524 796 798 17 387 
525 341 796 387 15 
526 19 38 799 800 
527 38 21 572 799 
528 799 572 9 801 
529 800 799 801 22 
530 20 94 802 803 
531 94 19 800 802 
532 802 800 22 804 
533 803 802 804 4 
534 10 807 805 806 
535 807 25 148 805 
536 805 148 23 66 
537 806 805 66 24 
538 28 423 808 573 
539 423 29 809 808 
540 808 809 3 810 
541 573 808 810 30 
542 32 812 811 344 
543 812 15 813 811 
544 811 813 33 391 
545 344 811 391 31 
546 35 54 814 815 
547 54 37 576 814 
548 814 576 21 816 
549 815 814 816 38 
550 36 97 817 818 
551 97 35 815 817 
552 817 815 38 819 
553 818 817 819 19 
554 23 822 820 821 
555 822 41 152 820 
556 820 152 39 70 
557 821 820 70 40 
558 44 426 823 577 
559 426 45 824 823 
560 823 824 28 825 
561 577 823 825 46 
562 48 827 826 347 
563 827 31 828 826 
564 826 828 49 395 
565 347 826 395 47 
566 51 78 829 830 
567 78 53 580 829 
568 829 580 37 831 
569 830 829 831 54 
570 52 100 832 833 
571 100 51 830 832 
572 832 830 54 834 
573 833 832 834 35 
574 70 837 835 836 
575 837 39 156 835 
576 835 156 56 112 
577 836 835 112 68 
578 72 429 838 581 
579 429 73 839 838 
580 838 839 44 840 
581 581 838 840 74 
582 75 123 841 842 
583 123 77 600 841 
584 841 600 53 843 
585 842 841 843 78 
586 76 104 844 845 
587 104 75 842 844 
588 844 842 78 846 
589 845 844 846 51 
590 98 135 847 848 
591 135 76 845 847 
592 847 845 51 849 
593 848 847 849 100 
594 117 142 850 851 
595 142 83 185 850 
596 850 185 125 852 
597 851 850 852 136 
598 160 855 853 854 
599 855 159 242 853 
600 853 242 107 165 
601 854 853 165 79 
602 165 858 856 857 
603 858 107 246 856 
604 856 246 166 202 
605 857 856 202 163 
606 105 234 859 182 
607 234 177 860 859 
608 859 860 176 228 
609 182 859 228 131 
610 176 862 861 229 
611 862 178 262 861 
612 861 262 59 863 
613 229 861 863 179 
614 198 865 864 248 
615 865 82 273 864 
616 864 273 199 866 
617 248 864 866 197 
618 197 866 867 233 
619 866 199 868 867 
620 867 868 108 869 
621 233 867 869 177 
622 204 872 870 871 
623 872 160 854 870 
624 870 854 79 209 
625 871 870 209 116 
626 175 288 873 259 
627 288 91 874 873 
628 873 874 222 875 
629 259 873 875 221 
630 238 877 876 271 
631 877 240 878 876 
632 876 878 88 294 
633 271 876 294 173 
634 199 276 879 868 
635 276 266 880 879 
636 879 880 255 881 
637 868 879 881 108 
638 882 603 302 884 
639 883 882 884 77 
640 91 309 885 874 
641 309 284 328 885 
642 885 328 303 886 
643 874 885 886 222 
644 240 888 887 878 
645 888 310 355 887 
646 887 355 282 314 
647 878 887 314 88 
648 320 890 889 334 
649 890 322 371 889 
650 889 371 5 891 
651 334 889 891 323 
652 319 409 892 368 
653 409 280 441 892 
654 892 441 325 893 
655 368 892 893 324 
656 337 895 894 361 
657 895 90 382 894 
658 894 382 338 896 
659 361 894 896 336 
660 351 898 897 380 
661 898 353 899 897 
662 897 899 277 415 
663 380 897 415 317 
664 47 901 900 478 
665 901 395 902 900 
666 900 902 394 487 
667 478 900 487 86 
668 119 519 903 585 
669 519 427 904 903 
670 903 904 429 905 
671 585 903 905 72 
672 325 443 907 908 
673 443 433 636 907 
674 907 636 435 909 
675 908 907 909 300 
676 318 459 910 911 
677 459 437 912 910 
678 910 912 436 446 
679 911 910 446 408 
680 353 914 913 899 
681 914 449 915 913 
682 913 915 403 453 
683 899 913 453 277 
684 452 917 916 458 
685 917 454 472 916 
686 916 472 402 918 
687 458 916 918 437 
688 484 920 919 507 
689 920 494 538 919 
690 919 538 497 514 
691 507 919 514 460 
692 404 923 921 922 
693 923 485 715 921 
694 921 715 501 757 
695 922 921 757 469 
696 512 926 924 925 
697 926 515 563 924 
698 924 563 509 729 
699 925 924 729 516 
700 733 520 928 927 
701 927 928 522 929 
702 527 553 930 564 
703 553 529 931 930 
704 930 931 510 772 
705 564 930 772 530 
706 496 933 932 540 
707 933 534 934 932 
708 932 934 524 547 
709 540 932 547 462 
710 555 780 935 936 
711 780 554 937 935 
712 935 937 557 684 
713 936 935 684 498 
714 558 774 938 740 
715 774 560 939 938 
716 938 939 401 940 
717 740 938 940 561 
718 435 638 941 942 
719 941 606 588 943 
720 942 941 943 602 
721 301 642 944 945 
722 642 595 648 944 
723 944 648 605 946 
724 945 944 946 606 
725 87 758 947 948 
726 758 503 748 947 
727 947 748 614 949 
728 948 947 949 615 
729 614 750 950 951 
730 750 555 936 950 
731 950 936 498 618 
732 951 950 618 593 
733 615 949 952 953 
734 949 614 951 952 
735 952 951 593 669 
736 953 952 669 434 
737 929 522 955 954 
738 954 955 620 956 
739 624 954 956 589 
740 500 629 957 649 
741 629 598 958 957 
742 957 958 623 959 
743 649 957 959 607 
744 609 659 960 698 
745 659 634 961 960 
746 960 961 651 962 
747 698 960 962 652 
748 656 695 963 702 
749 695 655 964 963 
750 963 964 659 965 
751 702 963 965 609 
752 501 968 966 967 
753 968 711 719 966 
754 966 719 709 761 
755 967 966 761 710 
756 502 970 969 721 
757 970 516 728 969 
758 969 728 716 971 
759 721 969 971 712 
760 712 971 972 753 
761 971 716 782 972 
762 972 782 717 973 
763 753 972 973 463 
764 401 770 974 736 
765 770 526 975 974 
766 974 975 731 976 
767 736 974 976 556 
768 726 778 977 786 
769 778 558 978 977 
770 977 978 740 979 
771 786 977 979 738 
772 121 305 980 981 
773 980 883 77 982 
774 981 980 982 123 
775 103 223 983 984 
776 223 121 981 983 
777 983 981 123 985 
778 984 983 985 75 
779 79 988 986 987 
780 988 165 857 986 
781 986 857 163 212 
782 987 986 212 164 
783 177 869 989 860 
784 869 108 990 989 
785 989 990 178 862 
786 860 989 862 176 
787 108 881 991 990 
788 881 255 992 991 
789 991 992 254 263 
790 990 991 263 178 
791 255 994 993 992 
792 994 172 995 993 
793 993 995 256 290 
794 992 993 290 254 
795 266 299 996 880 
796 299 268 997 996 
797 996 997 172 994 
798 880 996 994 255 
799 324 893 998 999 
800 893 325 908 998 
801 998 908 300 1000 
802 999 998 1000 326 
803 304 369 1001 1002 
804 369 324 999 1001 
805 1001 999 326 1003 
806 1002 1001 1003 122 
807 437 918 1004 912 
808 918 402 1005 1004 
809 1004 1005 438 1006 
810 912 1004 1006 436 
811 436 1006 1007 447 
812 1006 438 1008 1007 
813 1007 1008 405 1009 
814 447 1007 1009 439 
815 449 1011 1010 915 
816 1011 451 1012 1010 
817 1010 1012 279 465 
818 915 1010 465 403 
819 402 475 1013 1005 
820 475 467 1014 1013 
821 1013 1014 468 1015 
822 1005 1013 1015 438 
823 467 1017 1016 1014 
824 1017 404 922 1016 
825 1016 922 469 1018 
826 1014 1016 1018 468 
827 468 1018 1019 1020 
828 1018 469 756 1019 
829 1019 756 87 1021 
830 1020 1019 1021 470 
831 438 1015 1022 1008 
832 1015 468 1020 1022 
833 1022 1020 470 1023 
834 1008 1022 1023 405 
835 451 1025 1024 1012 
836 1025 479 1026 1024 
837 1024 1026 461 483 
838 1012 1024 483 279 
839 466 1029 1027 1028 
840 1029 482 505 1027 
841 1027 505 485 923 
842 1028 1027 923 404 
843 514 1032 1030 1031 
844 1032 497 542 1030 
845 1030 542 515 926 
846 1031 1030 926 512 
847 513 1035 1033 1034 
848 1035 512 925 1033 
849 1033 925 516 970 
850 1034 1033 970 502 
851 554 737 1036 937 
852 737 556 1037 1036 
853 1036 1037 499 1038 
854 937 1036 1038 557 
855 557 1038 1039 685 
856 1038 499 1040 1039 
857 1039 1040 597 1041 
858 685 1039 1041 596 
859 596 1041 1042 628 
860 1041 597 1043 1042 
861 1042 1043 430 1044 
862 628 1042 1044 598 
863 300 909 1045 1046 
864 909 435 942 1045 
865 1045 942 602 1047 
866 1046 1045 1047 603 
867 598 1044 1048 958 
868 1044 430 1049 1048 
869 1048 1049 624 1050 
870 958 1048 1050 623 
871 714 1053 1051 1052 
872 1053 513 1034 1051 
873 1051 1034 502 720 
874 1052 1051 720 711 
875 715 1056 1054 1055 
876 1056 714 1052 1054 
877 1054 1052 711 968 
878 1055 1054 968 501 
879 556 976 1057 1037 
880 976 731 1058 1057 
881 1057 1058 733 1059 
882 1037 1057 1059 499 
883 326 1000 1060 1061 
884 1000 300 1046 1060 
885 1060 1046 603 1062 
886 1061 1060 1062 882 
887 470 1021 1063 1064 
888 1021 87 948 1063 
889 1063 948 615 1065 
890 1064 1063 1065 906 
891 906 1065 1066 1067 
892 1065 615 953 1066 
893 1066 953 434 1068 
894 1067 1066 1068 637 
895 499 1059 1069 1040 
896 1059 733 1070 1069 
897 1069 1070 927 1071 
898 1040 1069 1071 597 
899 597 1071 1072 1043 
900 1071 927 1073 1072 
901 1072 1073 929 1074 
902 1043 1072 1074 430 
903 430 1074 1075 1049 
904 1074 929 1076 1075 
905 1075 1076 954 1077 
906 1049 1075 1077 624 
907 101 127 1078 1079 
908 127 103 984 1078 
909 1078 984 75 1080 
910 1079 1078 1080 104 
911 102 138 1081 1082 
912 138 101 1079 1081 
913 1081 1079 104 1083 
914 1082 1081 1083 76 
915 303 330 1084 1085 
916 330 304 1002 1084 
917 1084 1002 122 1086 
918 1085 1084 1086 305 
919 222 886 1087 1088 
920 886 303 1085 1087 
921 1087 1085 305 1089 
922 1088 1087 1089 121 
923 464 1091 1090 474 
924 1091 466 1028 1090 
925 1090 1028 404 1017 
926 474 1090 1017 467 
927 479 1093 1092 1026 
928 1093 481 1094 1092 
929 1092 1094 398 495 
930 1026 1092 495 461 
931 460 1097 1095 1096 
932 1097 514 1031 1095 
933 1095 1031 512 1035 
934 1096 1095 1035 513 
935 481 1099 1098 1094 
936 1099 531 1100 1098 
937 1098 1100 491 535 
938 1094 1098 535 398 
939 637 1068 1101 1102 
940 1068 434 668 1101 
941 1101 668 592 1103 
942 1102 1101 1103 635 
943 635 1103 1104 1105 
944 1103 592 640 1104 
945 1104 640 301 1106 
946 1105 1104 1106 638 
947 508 1109 1107 1108 
948 1109 460 1096 1107 
949 1107 1096 513 1053 
950 1108 1107 1053 714 
951 122 1003 1110 1111 
952 1003 326 1061 1110 
953 1110 1061 882 1112 
954 1111 1110 1112 883 
955 405 1023 1113 1114 
956 1023 470 1064 1113 
957 1113 1064 906 1115 
958 1114 1113 1115 442 
959 442 1115 1116 1117 
960 1115 906 1067 1116 
961 1116 1067 637 1118 
962 1117 1116 1118 433 
963 638 1106 1119 1120 
964 1106 301 945 1119 
965 1119 945 606 1121 
966 1120 1119 1121 941 
967 305 1086 1122 1123 
968 1086 122 1111 1122 
969 1122 1111 883 1124 
970 1123 1122 1124 980 
